binding_id,node_id,node_name,binding_target_id,binding_target_title,binding_type,project_id,task_id,resource_type,learning_activity_type,student_action,student_output,assessment_output,binding_status,audit_status,risk_level,source_file,notes
BV03-0001,P2T3-N01,明确分析任务与数据来源,P2T3-C01,P2T3-C01,resource_card,P2,P2-T3,text_card;worksheet;table,case_intro;data_reading,核对任务说明、数据来源和场景，填写分析任务单。,数据分析任务单,完成的数据分析任务单,planned,pending_professional_review,medium,reports/P2-T3详细能力节点字段表V0.2.csv,需专业教师确认任务单字段是否覆盖网优数据分析真实入口。
BV03-0002,P2T3-N01,明确分析任务与数据来源,P2T3-C02,P2T3-C02,resource_card,P2,P2-T3,text_card;worksheet;table,case_intro;data_reading,核对任务说明、数据来源和场景，填写分析任务单。,数据分析任务单,完成的数据分析任务单,planned,pending_professional_review,medium,reports/P2-T3详细能力节点字段表V0.2.csv,需专业教师确认任务单字段是否覆盖网优数据分析真实入口。
BV03-0003,P2T3-N01,明确分析任务与数据来源,完成的数据分析任务单,完成的数据分析任务单,assessment_output,P2,P2-T3,text_card;worksheet;table,case_intro;data_reading,核对任务说明、数据来源和场景，填写分析任务单。,数据分析任务单,完成的数据分析任务单,planned,pending_professional_review,medium,reports/P2-T3详细能力节点字段表V0.2.csv,学生能独立填写四项关键信息，并能口头说明为什么这些信息会影响后续指标判断。
BV03-0004,P2T3-N02,完成LOG导入与报告导出,P2T3-C03,P2T3-C03,resource_card,P2,P2-T3,text_card;worksheet;redrawn_image;report_template,process_ordering;data_reading,按流程排序导入步骤，核对导出报告字段清单。,导入导出流程记录,导入导出流程记录和字段核对表,planned,pending_media_review,medium,reports/P2-T3详细能力节点字段表V0.2.csv,需确认重绘流程图不误导真实软件操作边界。
BV03-0005,P2T3-N02,完成LOG导入与报告导出,P2T3-C04,P2T3-C04,resource_card,P2,P2-T3,text_card;worksheet;redrawn_image;report_template,process_ordering;data_reading,按流程排序导入步骤，核对导出报告字段清单。,导入导出流程记录,导入导出流程记录和字段核对表,planned,pending_media_review,medium,reports/P2-T3详细能力节点字段表V0.2.csv,需确认重绘流程图不误导真实软件操作边界。
BV03-0006,P2T3-N02,完成LOG导入与报告导出,导入导出流程记录和字段核对表,导入导出流程记录和字段核对表,assessment_output,P2,P2-T3,text_card;worksheet;redrawn_image;report_template,process_ordering;data_reading,按流程排序导入步骤，核对导出报告字段清单。,导入导出流程记录,导入导出流程记录和字段核对表,planned,pending_media_review,medium,reports/P2-T3详细能力节点字段表V0.2.csv,学生能按正确顺序完成流程，并能指出缺字段会导致哪些判断无法完成。
BV03-0007,P2T3-N03,识读关键指标与判断边界,P2T3-C05,P2T3-C05,resource_card,P2,P2-T3,text_card;table;chart;worksheet;assessment_item,data_reading;metric_annotation,阅读指标表，标出每个指标能支持的判断类型和边界。,指标读法与边界表,指标读法与边界表,planned,pending_professional_review,medium,reports/P2-T3详细能力节点字段表V0.2.csv,需专业教师复核指标边界表，避免固化不适用于全部场景的阈值。
BV03-0008,P2T3-N03,识读关键指标与判断边界,P2T3-C06,P2T3-C06,resource_card,P2,P2-T3,text_card;table;chart;worksheet;assessment_item,data_reading;metric_annotation,阅读指标表，标出每个指标能支持的判断类型和边界。,指标读法与边界表,指标读法与边界表,planned,pending_professional_review,medium,reports/P2-T3详细能力节点字段表V0.2.csv,需专业教师复核指标边界表，避免固化不适用于全部场景的阈值。
BV03-0009,P2T3-N03,识读关键指标与判断边界,P2T3-C07,P2T3-C07,resource_card,P2,P2-T3,text_card;table;chart;worksheet;assessment_item,data_reading;metric_annotation,阅读指标表，标出每个指标能支持的判断类型和边界。,指标读法与边界表,指标读法与边界表,planned,pending_professional_review,medium,reports/P2-T3详细能力节点字段表V0.2.csv,需专业教师复核指标边界表，避免固化不适用于全部场景的阈值。
BV03-0010,P2T3-N03,识读关键指标与判断边界,指标读法与边界表,指标读法与边界表,assessment_output,P2,P2-T3,text_card;table;chart;worksheet;assessment_item,data_reading;metric_annotation,阅读指标表，标出每个指标能支持的判断类型和边界。,指标读法与边界表,指标读法与边界表,planned,pending_professional_review,medium,reports/P2-T3详细能力节点字段表V0.2.csv,学生能用自己的话解释指标用途，并能在案例中选择合适指标支撑判断。
BV03-0011,P2T3-N04,判断覆盖类异常,P2T3-C08,P2T3-C08,resource_card,P2,P2-T3,simulation_case;table;chart;worksheet;assessment_item,data_reading;metric_annotation;problem_diagnosis,阅读覆盖指标表和采样点示意图，标出异常点并写出判断理由。,覆盖异常判断记录,覆盖异常判断记录,planned,pending_professional_review,medium,reports/P2-T3详细能力节点字段表V0.2.csv,需专业教师确认案例数据和覆盖判断逻辑是否正确。
BV03-0012,P2T3-N04,判断覆盖类异常,P2T3-C09,P2T3-C09,resource_card,P2,P2-T3,simulation_case;table;chart;worksheet;assessment_item,data_reading;metric_annotation;problem_diagnosis,阅读覆盖指标表和采样点示意图，标出异常点并写出判断理由。,覆盖异常判断记录,覆盖异常判断记录,planned,pending_professional_review,medium,reports/P2-T3详细能力节点字段表V0.2.csv,需专业教师确认案例数据和覆盖判断逻辑是否正确。
BV03-0013,P2T3-N04,判断覆盖类异常,P2T3-C10,P2T3-C10,resource_card,P2,P2-T3,simulation_case;table;chart;worksheet;assessment_item,data_reading;metric_annotation;problem_diagnosis,阅读覆盖指标表和采样点示意图，标出异常点并写出判断理由。,覆盖异常判断记录,覆盖异常判断记录,planned,pending_professional_review,medium,reports/P2-T3详细能力节点字段表V0.2.csv,需专业教师确认案例数据和覆盖判断逻辑是否正确。
BV03-0014,P2T3-N04,判断覆盖类异常,覆盖异常判断记录,覆盖异常判断记录,assessment_output,P2,P2-T3,simulation_case;table;chart;worksheet;assessment_item,data_reading;metric_annotation;problem_diagnosis,阅读覆盖指标表和采样点示意图，标出异常点并写出判断理由。,覆盖异常判断记录,覆盖异常判断记录,planned,pending_professional_review,medium,reports/P2-T3详细能力节点字段表V0.2.csv,学生能把覆盖指标、采样点位置和问题类型形成完整判断链。
BV03-0015,P2T3-N05,判断移动性/邻区异常,P2T3-C11,P2T3-C11,resource_card,P2,P2-T3,simulation_case;table;redrawn_image;worksheet;assessment_item,process_ordering;evidence_classification;problem_diagnosis,排序证据链，核对测量报告、切换命令和配置检查表，判断异常类型。,移动性异常证据链,移动性异常证据链,planned,pending_professional_review,medium,reports/P2-T3详细能力节点字段表V0.2.csv,需专业教师确认邻区和切换案例是否符合网优诊断逻辑；媒体需重绘。
BV03-0016,P2T3-N05,判断移动性/邻区异常,P2T3-C12,P2T3-C12,resource_card,P2,P2-T3,simulation_case;table;redrawn_image;worksheet;assessment_item,process_ordering;evidence_classification;problem_diagnosis,排序证据链，核对测量报告、切换命令和配置检查表，判断异常类型。,移动性异常证据链,移动性异常证据链,planned,pending_professional_review,medium,reports/P2-T3详细能力节点字段表V0.2.csv,需专业教师确认邻区和切换案例是否符合网优诊断逻辑；媒体需重绘。
BV03-0017,P2T3-N05,判断移动性/邻区异常,P2T3-C13,P2T3-C13,resource_card,P2,P2-T3,simulation_case;table;redrawn_image;worksheet;assessment_item,process_ordering;evidence_classification;problem_diagnosis,排序证据链，核对测量报告、切换命令和配置检查表，判断异常类型。,移动性异常证据链,移动性异常证据链,planned,pending_professional_review,medium,reports/P2-T3详细能力节点字段表V0.2.csv,需专业教师确认邻区和切换案例是否符合网优诊断逻辑；媒体需重绘。
BV03-0018,P2T3-N05,判断移动性/邻区异常,移动性异常证据链,移动性异常证据链,assessment_output,P2,P2-T3,simulation_case;table;redrawn_image;worksheet;assessment_item,process_ordering;evidence_classification;problem_diagnosis,排序证据链，核对测量报告、切换命令和配置检查表，判断异常类型。,移动性异常证据链,移动性异常证据链,planned,pending_professional_review,medium,reports/P2-T3详细能力节点字段表V0.2.csv,学生能区分覆盖诱发、邻区漏配和切换参数类问题，并给出对应证据。
BV03-0019,P2T3-N06,归纳问题类型与原因链,P2T3-C14,P2T3-C14,resource_card,P2,P2-T3,text_card;worksheet;assessment_item;rubric,evidence_classification;problem_diagnosis;reflection_summary,将覆盖、邻区、切换等证据归类，补全现象-指标-原因-方向链。,异常问题清单,异常问题清单和原因链,planned,pending_professional_review,medium,reports/P2-T3详细能力节点字段表V0.2.csv,需专业教师复核问题类型分类与原因链是否符合网优分析逻辑。
BV03-0020,P2T3-N06,归纳问题类型与原因链,P2T3-C15,P2T3-C15,resource_card,P2,P2-T3,text_card;worksheet;assessment_item;rubric,evidence_classification;problem_diagnosis;reflection_summary,将覆盖、邻区、切换等证据归类，补全现象-指标-原因-方向链。,异常问题清单,异常问题清单和原因链,planned,pending_professional_review,medium,reports/P2-T3详细能力节点字段表V0.2.csv,需专业教师复核问题类型分类与原因链是否符合网优分析逻辑。
BV03-0021,P2T3-N06,归纳问题类型与原因链,异常问题清单和原因链,异常问题清单和原因链,assessment_output,P2,P2-T3,text_card;worksheet;assessment_item;rubric,evidence_classification;problem_diagnosis;reflection_summary,将覆盖、邻区、切换等证据归类，补全现象-指标-原因-方向链。,异常问题清单,异常问题清单和原因链,planned,pending_professional_review,medium,reports/P2-T3详细能力节点字段表V0.2.csv,学生能把多项证据整合为结构化原因链，且原因与证据相互支撑。
BV03-0022,P2T3-N07,制定整改建议,P2T3-C16,P2T3-C16,resource_card,P2,P2-T3,text_card;worksheet;assessment_item;rubric,proposal_matching;risk_checking,把问题原因与整改动作匹配，检查风险提示和验证方式。,整改建议卡,整改建议卡,planned,pending_professional_review,medium,reports/P2-T3详细能力节点字段表V0.2.csv,需专业教师复核整改动作是否正确，避免给出不当工程建议。
BV03-0023,P2T3-N07,制定整改建议,P2T3-C17,P2T3-C17,resource_card,P2,P2-T3,text_card;worksheet;assessment_item;rubric,proposal_matching;risk_checking,把问题原因与整改动作匹配，检查风险提示和验证方式。,整改建议卡,整改建议卡,planned,pending_professional_review,medium,reports/P2-T3详细能力节点字段表V0.2.csv,需专业教师复核整改动作是否正确，避免给出不当工程建议。
BV03-0024,P2T3-N07,制定整改建议,P2T3-C18,P2T3-C18,resource_card,P2,P2-T3,text_card;worksheet;assessment_item;rubric,proposal_matching;risk_checking,把问题原因与整改动作匹配，检查风险提示和验证方式。,整改建议卡,整改建议卡,planned,pending_professional_review,medium,reports/P2-T3详细能力节点字段表V0.2.csv,需专业教师复核整改动作是否正确，避免给出不当工程建议。
BV03-0025,P2T3-N07,制定整改建议,整改建议卡,整改建议卡,assessment_output,P2,P2-T3,text_card;worksheet;assessment_item;rubric,proposal_matching;risk_checking,把问题原因与整改动作匹配，检查风险提示和验证方式。,整改建议卡,整改建议卡,planned,pending_professional_review,medium,reports/P2-T3详细能力节点字段表V0.2.csv,学生给出的建议能对应问题原因，具备执行动作、风险边界和验证办法。
BV03-0026,P2T3-N08,输出分析报告并连接复测,P2T3-C19,P2T3-C19,resource_card,P2,P2-T3,report_template;worksheet;rubric;teacher_guide,report_output;conclusion_writing;reflection_summary,按报告模板组织结论，补充证据、建议和复测指标。,测试数据分析报告,测试数据分析报告和修订记录,planned,pending_professional_review,medium,reports/P2-T3详细能力节点字段表V0.2.csv,需专业教师复核报告模板和结论表达是否符合网优岗位文件要求。
BV03-0027,P2T3-N08,输出分析报告并连接复测,P2T3-C20,P2T3-C20,resource_card,P2,P2-T3,report_template;worksheet;rubric;teacher_guide,report_output;conclusion_writing;reflection_summary,按报告模板组织结论，补充证据、建议和复测指标。,测试数据分析报告,测试数据分析报告和修订记录,planned,pending_professional_review,medium,reports/P2-T3详细能力节点字段表V0.2.csv,需专业教师复核报告模板和结论表达是否符合网优岗位文件要求。
BV03-0028,P2T3-N08,输出分析报告并连接复测,P2T3-C21,P2T3-C21,resource_card,P2,P2-T3,report_template;worksheet;rubric;teacher_guide,report_output;conclusion_writing;reflection_summary,按报告模板组织结论，补充证据、建议和复测指标。,测试数据分析报告,测试数据分析报告和修订记录,planned,pending_professional_review,medium,reports/P2-T3详细能力节点字段表V0.2.csv,需专业教师复核报告模板和结论表达是否符合网优岗位文件要求。
BV03-0029,P2T3-N08,输出分析报告并连接复测,测试数据分析报告和修订记录,测试数据分析报告和修订记录,assessment_output,P2,P2-T3,report_template;worksheet;rubric;teacher_guide,report_output;conclusion_writing;reflection_summary,按报告模板组织结论，补充证据、建议和复测指标。,测试数据分析报告,测试数据分析报告和修订记录,planned,pending_professional_review,medium,reports/P2-T3详细能力节点字段表V0.2.csv,学生能形成结构完整、证据清楚、建议可执行、复测要求明确的报告。
BV03-0030,P4T2-N01,识别验证场景,P4T2-C01,P4T2-C01,resource_card,P4,P4-T2,text_card;simulation_case;worksheet;assessment_item,case_intro;evidence_classification,阅读宿舍区投诉场景，把四条投诉线索归入对应验证对象。,投诉到验证对象映射,投诉到验证对象映射,ready_for_review,pending_professional_review,medium,reports/P4-T2详细能力节点字段表V0.2.csv,需专业教师确认投诉线索和验证对象的对应关系是否符合网优验收教学逻辑。
BV03-0031,P4T2-N01,识别验证场景,P4T2-C02,P4T2-C02,resource_card,P4,P4-T2,text_card;simulation_case;worksheet;assessment_item,case_intro;evidence_classification,阅读宿舍区投诉场景，把四条投诉线索归入对应验证对象。,投诉到验证对象映射,投诉到验证对象映射,ready_for_review,pending_professional_review,medium,reports/P4-T2详细能力节点字段表V0.2.csv,需专业教师确认投诉线索和验证对象的对应关系是否符合网优验收教学逻辑。
BV03-0032,P4T2-N01,识别验证场景,CASE-demo-dorm,CASE-demo-dorm,resource_card,P4,P4-T2,text_card;simulation_case;worksheet;assessment_item,case_intro;evidence_classification,阅读宿舍区投诉场景，把四条投诉线索归入对应验证对象。,投诉到验证对象映射,投诉到验证对象映射,ready_for_review,pending_professional_review,medium,reports/P4-T2详细能力节点字段表V0.2.csv,需专业教师确认投诉线索和验证对象的对应关系是否符合网优验收教学逻辑。
BV03-0033,P4T2-N01,识别验证场景,投诉到验证对象映射,投诉到验证对象映射,assessment_output,P4,P4-T2,text_card;simulation_case;worksheet;assessment_item,case_intro;evidence_classification,阅读宿舍区投诉场景，把四条投诉线索归入对应验证对象。,投诉到验证对象映射,投诉到验证对象映射,planned,pending_professional_review,medium,reports/P4-T2详细能力节点字段表V0.2.csv,学生能说明每条投诉对应的验证对象，并知道不能凭单一体验线索直接下验收结论。
BV03-0034,P4T2-N02,区分改善与达标,P4T2-C02,P4T2-C02,resource_card,P4,P4-T2,text_card;table;worksheet;rubric;assessment_item,comparison_analysis;correction_revision,对宿舍区案例中的达标指标和未达标指标做边界表达修正。,已达标依据和未闭环边界,边界表达修正记录,ready_for_review,pending_professional_review,medium,reports/P4-T2详细能力节点字段表V0.2.csv,需复核“部分达标”表达是否符合职业教育课堂和网优岗位验收语境。
BV03-0035,P4T2-N02,区分改善与达标,P4T2-C11,P4T2-C11,resource_card,P4,P4-T2,text_card;table;worksheet;rubric;assessment_item,comparison_analysis;correction_revision,对宿舍区案例中的达标指标和未达标指标做边界表达修正。,已达标依据和未闭环边界,边界表达修正记录,ready_for_review,pending_professional_review,medium,reports/P4-T2详细能力节点字段表V0.2.csv,需复核“部分达标”表达是否符合职业教育课堂和网优岗位验收语境。
BV03-0036,P4T2-N02,区分改善与达标,CASE-demo-dorm,CASE-demo-dorm,resource_card,P4,P4-T2,text_card;table;worksheet;rubric;assessment_item,comparison_analysis;correction_revision,对宿舍区案例中的达标指标和未达标指标做边界表达修正。,已达标依据和未闭环边界,边界表达修正记录,ready_for_review,pending_professional_review,medium,reports/P4-T2详细能力节点字段表V0.2.csv,需复核“部分达标”表达是否符合职业教育课堂和网优岗位验收语境。
BV03-0037,P4T2-N02,区分改善与达标,边界表达修正记录,边界表达修正记录,assessment_output,P4,P4-T2,text_card;table;worksheet;rubric;assessment_item,comparison_analysis;correction_revision,对宿舍区案例中的达标指标和未达标指标做边界表达修正。,已达标依据和未闭环边界,边界表达修正记录,planned,pending_professional_review,medium,reports/P4-T2详细能力节点字段表V0.2.csv,学生能区分改善、达标和未闭环边界，并能用职业化语言表达。
BV03-0038,P4T2-N03,读覆盖指标,P4T2-C03,P4T2-C03,resource_card,P4,P4-T2,text_card;table;chart;worksheet;redrawn_image;assessment_item,data_reading;process_ordering;metric_annotation,阅读覆盖指标表和地下食堂案例，标出覆盖达标依据与证据边界。,覆盖指标判断与流程排序,覆盖指标判断与证据边界,ready_for_review,pending_media_review,high,reports/P4-T2详细能力节点字段表V0.2.csv,需专业教师复核覆盖指标阈值口径，媒体设计需重绘原仿真截图。
BV03-0039,P4T2-N03,读覆盖指标,P4T2-C04,P4T2-C04,resource_card,P4,P4-T2,text_card;table;chart;worksheet;redrawn_image;assessment_item,data_reading;process_ordering;metric_annotation,阅读覆盖指标表和地下食堂案例，标出覆盖达标依据与证据边界。,覆盖指标判断与流程排序,覆盖指标判断与证据边界,ready_for_review,pending_media_review,high,reports/P4-T2详细能力节点字段表V0.2.csv,需专业教师复核覆盖指标阈值口径，媒体设计需重绘原仿真截图。
BV03-0040,P4T2-N03,读覆盖指标,CASE-contrast-canteen,CASE-contrast-canteen,resource_card,P4,P4-T2,text_card;table;chart;worksheet;redrawn_image;assessment_item,data_reading;process_ordering;metric_annotation,阅读覆盖指标表和地下食堂案例，标出覆盖达标依据与证据边界。,覆盖指标判断与流程排序,覆盖指标判断与证据边界,ready_for_review,pending_media_review,high,reports/P4-T2详细能力节点字段表V0.2.csv,需专业教师复核覆盖指标阈值口径，媒体设计需重绘原仿真截图。
BV03-0041,P4T2-N03,读覆盖指标,覆盖指标判断与证据边界,覆盖指标判断与证据边界,assessment_output,P4,P4-T2,text_card;table;chart;worksheet;redrawn_image;assessment_item,data_reading;process_ordering;metric_annotation,阅读覆盖指标表和地下食堂案例，标出覆盖达标依据与证据边界。,覆盖指标判断与流程排序,覆盖指标判断与证据边界,planned,pending_media_review,high,reports/P4-T2详细能力节点字段表V0.2.csv,学生能说明覆盖强度、信号质量和弱覆盖采样点的作用，并能说出覆盖数据不能单独证明移动性或体验闭环。
BV03-0042,P4T2-N04,读移动性指标,P4T2-C05,P4T2-C05,resource_card,P4,P4-T2,text_card;redrawn_image;interactive_animation;mini_game;worksheet;assessment_item,process_ordering;data_reading;problem_diagnosis,按顺序排出移动性验证流程，并判断切换失败或重建偏高说明什么。,移动性验证流程,移动性验证流程和异常阶段判断,ready_for_review,pending_media_review,high,reports/P4-T2详细能力节点字段表V0.2.csv,需复核SA/NSA切换教学流程和邻区/切换异常表述，原图需重绘或标注。
BV03-0043,P4T2-N04,读移动性指标,P4T2-C06,P4T2-C06,resource_card,P4,P4-T2,text_card;redrawn_image;interactive_animation;mini_game;worksheet;assessment_item,process_ordering;data_reading;problem_diagnosis,按顺序排出移动性验证流程，并判断切换失败或重建偏高说明什么。,移动性验证流程,移动性验证流程和异常阶段判断,ready_for_review,pending_media_review,high,reports/P4-T2详细能力节点字段表V0.2.csv,需复核SA/NSA切换教学流程和邻区/切换异常表述，原图需重绘或标注。
BV03-0044,P4T2-N04,读移动性指标,CASE-contrast-canteen,CASE-contrast-canteen,resource_card,P4,P4-T2,text_card;redrawn_image;interactive_animation;mini_game;worksheet;assessment_item,process_ordering;data_reading;problem_diagnosis,按顺序排出移动性验证流程，并判断切换失败或重建偏高说明什么。,移动性验证流程,移动性验证流程和异常阶段判断,ready_for_review,pending_media_review,high,reports/P4-T2详细能力节点字段表V0.2.csv,需复核SA/NSA切换教学流程和邻区/切换异常表述，原图需重绘或标注。
BV03-0045,P4T2-N04,读移动性指标,移动性验证流程和异常阶段判断,移动性验证流程和异常阶段判断,assessment_output,P4,P4-T2,text_card;redrawn_image;interactive_animation;mini_game;worksheet;assessment_item,process_ordering;data_reading;problem_diagnosis,按顺序排出移动性验证流程，并判断切换失败或重建偏高说明什么。,移动性验证流程,移动性验证流程和异常阶段判断,planned,pending_media_review,high,reports/P4-T2详细能力节点字段表V0.2.csv,学生能把移动路径场景、切换指标、重建日志和验收边界形成完整判断。
BV03-0046,P4T2-N05,读体验与容量指标,P4T2-C07,P4T2-C07,resource_card,P4,P4-T2,text_card;table;chart;worksheet;redrawn_image;assessment_item,data_reading;metric_annotation;comparison_analysis,阅读实训楼和招聘会指标表，给每行标注通过依据或必须写边界。,通过依据和边界指标标注,指标行标注和边界表达,ready_for_review,pending_media_review,high,reports/P4-T2详细能力节点字段表V0.2.csv,需专业教师复核教学模拟阈值和容量/时延结论口径，媒体需重绘替换。
BV03-0047,P4T2-N05,读体验与容量指标,P4T2-C08,P4T2-C08,resource_card,P4,P4-T2,text_card;table;chart;worksheet;redrawn_image;assessment_item,data_reading;metric_annotation;comparison_analysis,阅读实训楼和招聘会指标表，给每行标注通过依据或必须写边界。,通过依据和边界指标标注,指标行标注和边界表达,ready_for_review,pending_media_review,high,reports/P4-T2详细能力节点字段表V0.2.csv,需专业教师复核教学模拟阈值和容量/时延结论口径，媒体需重绘替换。
BV03-0048,P4T2-N05,读体验与容量指标,CASE-contrast-lab,CASE-contrast-lab,resource_card,P4,P4-T2,text_card;table;chart;worksheet;redrawn_image;assessment_item,data_reading;metric_annotation;comparison_analysis,阅读实训楼和招聘会指标表，给每行标注通过依据或必须写边界。,通过依据和边界指标标注,指标行标注和边界表达,ready_for_review,pending_media_review,high,reports/P4-T2详细能力节点字段表V0.2.csv,需专业教师复核教学模拟阈值和容量/时延结论口径，媒体需重绘替换。
BV03-0049,P4T2-N05,读体验与容量指标,CASE-mission-jobfair,CASE-mission-jobfair,resource_card,P4,P4-T2,text_card;table;chart;worksheet;redrawn_image;assessment_item,data_reading;metric_annotation;comparison_analysis,阅读实训楼和招聘会指标表，给每行标注通过依据或必须写边界。,通过依据和边界指标标注,指标行标注和边界表达,ready_for_review,pending_media_review,high,reports/P4-T2详细能力节点字段表V0.2.csv,需专业教师复核教学模拟阈值和容量/时延结论口径，媒体需重绘替换。
BV03-0050,P4T2-N05,读体验与容量指标,指标行标注和边界表达,指标行标注和边界表达,assessment_output,P4,P4-T2,text_card;table;chart;worksheet;redrawn_image;assessment_item,data_reading;metric_annotation;comparison_analysis,阅读实训楼和招聘会指标表，给每行标注通过依据或必须写边界。,通过依据和边界指标标注,指标行标注和边界表达,planned,pending_media_review,high,reports/P4-T2详细能力节点字段表V0.2.csv,学生能用平均值、95分位、容量负荷和卡顿次数共同判断体验是否闭环。
BV03-0051,P4T2-N06,选择判断依据,P4T2-C09,P4T2-C09,resource_card,P4,P4-T2,simulation_case;table;worksheet;assessment_item;rubric,evidence_classification;comparison_analysis,在体育馆活动保障案例中，把材料分入通过依据、必须写边界和背景信息。,依据链分类结果,依据链分类结果,ready_for_review,pending_professional_review,medium,reports/P4-T2详细能力节点字段表V0.2.csv,需复核体育馆活动保障教学模拟案例的依据链和结论边界是否合理。
BV03-0052,P4T2-N06,选择判断依据,P4T2-C10,P4T2-C10,resource_card,P4,P4-T2,simulation_case;table;worksheet;assessment_item;rubric,evidence_classification;comparison_analysis,在体育馆活动保障案例中，把材料分入通过依据、必须写边界和背景信息。,依据链分类结果,依据链分类结果,ready_for_review,pending_professional_review,medium,reports/P4-T2详细能力节点字段表V0.2.csv,需复核体育馆活动保障教学模拟案例的依据链和结论边界是否合理。
BV03-0053,P4T2-N06,选择判断依据,CASE-guided-gym,CASE-guided-gym,resource_card,P4,P4-T2,simulation_case;table;worksheet;assessment_item;rubric,evidence_classification;comparison_analysis,在体育馆活动保障案例中，把材料分入通过依据、必须写边界和背景信息。,依据链分类结果,依据链分类结果,ready_for_review,pending_professional_review,medium,reports/P4-T2详细能力节点字段表V0.2.csv,需复核体育馆活动保障教学模拟案例的依据链和结论边界是否合理。
BV03-0054,P4T2-N06,选择判断依据,依据链分类结果,依据链分类结果,assessment_output,P4,P4-T2,simulation_case;table;worksheet;assessment_item;rubric,evidence_classification;comparison_analysis,在体育馆活动保障案例中，把材料分入通过依据、必须写边界和背景信息。,依据链分类结果,依据链分类结果,planned,pending_professional_review,medium,reports/P4-T2详细能力节点字段表V0.2.csv,学生能说明材料为何属于依据、边界或背景，并避免把优化前数据当作通过依据。
BV03-0055,P4T2-N07,形成验收结论,P4T2-C10,P4T2-C10,resource_card,P4,P4-T2,worksheet;assessment_item;rubric;report_template,conclusion_writing;report_output,在招聘会扩容案例中拼装并提交四段式验收结论。,四段式验收结论,四段式验收结论,ready_for_review,pending_professional_review,medium,reports/P4-T2详细能力节点字段表V0.2.csv,需复核四段式结论模板是否符合网优岗位验收和后续报告输出要求。
BV03-0056,P4T2-N07,形成验收结论,CASE-mission-jobfair,CASE-mission-jobfair,resource_card,P4,P4-T2,worksheet;assessment_item;rubric;report_template,conclusion_writing;report_output,在招聘会扩容案例中拼装并提交四段式验收结论。,四段式验收结论,四段式验收结论,ready_for_review,pending_professional_review,medium,reports/P4-T2详细能力节点字段表V0.2.csv,需复核四段式结论模板是否符合网优岗位验收和后续报告输出要求。
BV03-0057,P4T2-N07,形成验收结论,四段式验收结论,四段式验收结论,assessment_output,P4,P4-T2,worksheet;assessment_item;rubric;report_template,conclusion_writing;report_output,在招聘会扩容案例中拼装并提交四段式验收结论。,四段式验收结论,四段式验收结论,planned,pending_professional_review,medium,reports/P4-T2详细能力节点字段表V0.2.csv,学生能形成可讲评、可提交、可追溯依据和边界的验收结论。
BV03-0058,P4T2-N08,修正职业表达,P4T2-C11,P4T2-C11,resource_card,P4,P4-T2,rubric;teacher_guide;worksheet;assessment_item,correction_revision;reflection_summary,对招聘会案例结论进行自评和二次修正，至少提交一条修正句。,修正后的职业表达,修正后的职业表达和修订记录,ready_for_review,pending_professional_review,medium,reports/P4-T2详细能力节点字段表V0.2.csv,需复核职业表达量规、教师观察表和专业复核表是否足以支撑真实一线试看。
BV03-0059,P4T2-N08,修正职业表达,P4T2-C12,P4T2-C12,resource_card,P4,P4-T2,rubric;teacher_guide;worksheet;assessment_item,correction_revision;reflection_summary,对招聘会案例结论进行自评和二次修正，至少提交一条修正句。,修正后的职业表达,修正后的职业表达和修订记录,ready_for_review,pending_professional_review,medium,reports/P4-T2详细能力节点字段表V0.2.csv,需复核职业表达量规、教师观察表和专业复核表是否足以支撑真实一线试看。
BV03-0060,P4T2-N08,修正职业表达,CASE-mission-jobfair,CASE-mission-jobfair,resource_card,P4,P4-T2,rubric;teacher_guide;worksheet;assessment_item,correction_revision;reflection_summary,对招聘会案例结论进行自评和二次修正，至少提交一条修正句。,修正后的职业表达,修正后的职业表达和修订记录,ready_for_review,pending_professional_review,medium,reports/P4-T2详细能力节点字段表V0.2.csv,需复核职业表达量规、教师观察表和专业复核表是否足以支撑真实一线试看。
BV03-0061,P4T2-N08,修正职业表达,修正后的职业表达和修订记录,修正后的职业表达和修订记录,assessment_output,P4,P4-T2,rubric;teacher_guide;worksheet;assessment_item,correction_revision;reflection_summary,对招聘会案例结论进行自评和二次修正，至少提交一条修正句。,修正后的职业表达,修正后的职业表达和修订记录,planned,pending_professional_review,medium,reports/P4-T2详细能力节点字段表V0.2.csv,学生能说明自己修改了什么、为什么修改，并形成比初稿更可靠的验收表达。
BV03-0062,P5T3-N01,确认性能提升方案与验证口径,P5T3-C01,P5T3-C01,resource_card,P5,P5-T3,text_card;worksheet;table,case_intro;risk_checking,对照提升方案，填写验证对象、验证范围、前后对比基线和达成口径。,性能提升验证任务单,性能提升验证任务单,planned,pending_professional_review,medium,reports/P5-T3详细能力节点字段表V0.2.csv,验证口径需专业教师确认，避免把教材案例阈值泛化为行业统一标准。
BV03-0063,P5T3-N01,确认性能提升方案与验证口径,P5T3-C02,P5T3-C02,resource_card,P5,P5-T3,text_card;worksheet;table,case_intro;risk_checking,对照提升方案，填写验证对象、验证范围、前后对比基线和达成口径。,性能提升验证任务单,性能提升验证任务单,planned,pending_professional_review,medium,reports/P5-T3详细能力节点字段表V0.2.csv,验证口径需专业教师确认，避免把教材案例阈值泛化为行业统一标准。
BV03-0064,P5T3-N01,确认性能提升方案与验证口径,性能提升验证任务单,性能提升验证任务单,assessment_output,P5,P5-T3,text_card;worksheet;table,case_intro;risk_checking,对照提升方案，填写验证对象、验证范围、前后对比基线和达成口径。,性能提升验证任务单,性能提升验证任务单,planned,pending_professional_review,medium,reports/P5-T3详细能力节点字段表V0.2.csv,能区分验证对象、验证范围、基线和达成口径，且不把实施完成直接写成验证通过。
BV03-0065,P5T3-N02,选择验证数据源与复测路径,P5T3-C03,P5T3-C03,resource_card,P5,P5-T3,text_card;chart;worksheet,evidence_classification;process_ordering,把接入、保持、移动性、资源、可用类验证目标匹配到合适的数据源。,验证数据源选择表,验证数据源选择表,planned,pending_media_review,medium,reports/P5-T3详细能力节点字段表V0.2.csv,网管、大数据、路测、用户回访的适用边界需专业教师确认。
BV03-0066,P5T3-N02,选择验证数据源与复测路径,P5T3-C04,P5T3-C04,resource_card,P5,P5-T3,text_card;chart;worksheet,evidence_classification;process_ordering,把接入、保持、移动性、资源、可用类验证目标匹配到合适的数据源。,验证数据源选择表,验证数据源选择表,planned,pending_media_review,medium,reports/P5-T3详细能力节点字段表V0.2.csv,网管、大数据、路测、用户回访的适用边界需专业教师确认。
BV03-0067,P5T3-N02,选择验证数据源与复测路径,验证数据源选择表,验证数据源选择表,assessment_output,P5,P5-T3,text_card;chart;worksheet,evidence_classification;process_ordering,把接入、保持、移动性、资源、可用类验证目标匹配到合适的数据源。,验证数据源选择表,验证数据源选择表,planned,pending_media_review,medium,reports/P5-T3详细能力节点字段表V0.2.csv,能说明数据源选择理由，并指出单一数据源的局限。
BV03-0068,P5T3-N03,建立优化前后KPI对比基线,P5T3-C05,P5T3-C05,resource_card,P5,P5-T3,table;chart;worksheet,metric_annotation;comparison_analysis;data_reading,提取接通率、掉线率、切换、速率、可用性等指标，制作前后对比表。,优化前后KPI对比表,优化前后KPI对比表,planned,pending_media_review,high,reports/P5-T3详细能力节点字段表V0.2.csv,具体KPI阈值和场景适用口径需专业复核。
BV03-0069,P5T3-N03,建立优化前后KPI对比基线,P5T3-C06,P5T3-C06,resource_card,P5,P5-T3,table;chart;worksheet,metric_annotation;comparison_analysis;data_reading,提取接通率、掉线率、切换、速率、可用性等指标，制作前后对比表。,优化前后KPI对比表,优化前后KPI对比表,planned,pending_media_review,high,reports/P5-T3详细能力节点字段表V0.2.csv,具体KPI阈值和场景适用口径需专业复核。
BV03-0070,P5T3-N03,建立优化前后KPI对比基线,优化前后KPI对比表,优化前后KPI对比表,assessment_output,P5,P5-T3,table;chart;worksheet,metric_annotation;comparison_analysis;data_reading,提取接通率、掉线率、切换、速率、可用性等指标，制作前后对比表。,优化前后KPI对比表,优化前后KPI对比表,planned,pending_media_review,high,reports/P5-T3详细能力节点字段表V0.2.csv,能正确形成前后对比，并避免只看单一指标就下结论。
BV03-0071,P5T3-N04,验证接入与保持类提升效果,P5T3-C07,P5T3-C07,resource_card,P5,P5-T3,simulation_case;annotated_image;redrawn_image;worksheet,problem_diagnosis;evidence_classification;metric_annotation,阅读接入类和保持类案例材料，标出支持“已改善”和“仍有风险”的依据。,接入/保持类效果判断记录,接入/保持类效果判断记录,planned,pending_media_review,high,reports/P5-T3详细能力节点字段表V0.2.csv,原教材接入、PDU会话、掉线相关截图需重绘或标注，专业结论需复核。
BV03-0072,P5T3-N04,验证接入与保持类提升效果,P5T3-C08,P5T3-C08,resource_card,P5,P5-T3,simulation_case;annotated_image;redrawn_image;worksheet,problem_diagnosis;evidence_classification;metric_annotation,阅读接入类和保持类案例材料，标出支持“已改善”和“仍有风险”的依据。,接入/保持类效果判断记录,接入/保持类效果判断记录,planned,pending_media_review,high,reports/P5-T3详细能力节点字段表V0.2.csv,原教材接入、PDU会话、掉线相关截图需重绘或标注，专业结论需复核。
BV03-0073,P5T3-N04,验证接入与保持类提升效果,P5T3-C09,P5T3-C09,resource_card,P5,P5-T3,simulation_case;annotated_image;redrawn_image;worksheet,problem_diagnosis;evidence_classification;metric_annotation,阅读接入类和保持类案例材料，标出支持“已改善”和“仍有风险”的依据。,接入/保持类效果判断记录,接入/保持类效果判断记录,planned,pending_media_review,high,reports/P5-T3详细能力节点字段表V0.2.csv,原教材接入、PDU会话、掉线相关截图需重绘或标注，专业结论需复核。
BV03-0074,P5T3-N04,验证接入与保持类提升效果,接入/保持类效果判断记录,接入/保持类效果判断记录,assessment_output,P5,P5-T3,simulation_case;annotated_image;redrawn_image;worksheet,problem_diagnosis;evidence_classification;metric_annotation,阅读接入类和保持类案例材料，标出支持“已改善”和“仍有风险”的依据。,接入/保持类效果判断记录,接入/保持类效果判断记录,planned,pending_media_review,high,reports/P5-T3详细能力节点字段表V0.2.csv,能用至少两类依据说明接入或保持类问题是否改善，并写出未闭环边界。
BV03-0075,P5T3-N05,验证移动性、资源与可用类提升效果,P5T3-C10,P5T3-C10,resource_card,P5,P5-T3,simulation_case;table;chart;redrawn_image;worksheet,comparison_analysis;problem_diagnosis;risk_checking,对移动性、资源、可用类案例进行前后对比，写出是否闭环和仍需关注的风险。,移动性/资源/可用类效果判断记录,移动性/资源/可用类效果判断记录,planned,pending_media_review,high,reports/P5-T3详细能力节点字段表V0.2.csv,原教材移动性、速率、光链路故障截图需媒体治理，指标和结论需专业复核。
BV03-0076,P5T3-N05,验证移动性、资源与可用类提升效果,P5T3-C11,P5T3-C11,resource_card,P5,P5-T3,simulation_case;table;chart;redrawn_image;worksheet,comparison_analysis;problem_diagnosis;risk_checking,对移动性、资源、可用类案例进行前后对比，写出是否闭环和仍需关注的风险。,移动性/资源/可用类效果判断记录,移动性/资源/可用类效果判断记录,planned,pending_media_review,high,reports/P5-T3详细能力节点字段表V0.2.csv,原教材移动性、速率、光链路故障截图需媒体治理，指标和结论需专业复核。
BV03-0077,P5T3-N05,验证移动性、资源与可用类提升效果,P5T3-C12,P5T3-C12,resource_card,P5,P5-T3,simulation_case;table;chart;redrawn_image;worksheet,comparison_analysis;problem_diagnosis;risk_checking,对移动性、资源、可用类案例进行前后对比，写出是否闭环和仍需关注的风险。,移动性/资源/可用类效果判断记录,移动性/资源/可用类效果判断记录,planned,pending_media_review,high,reports/P5-T3详细能力节点字段表V0.2.csv,原教材移动性、速率、光链路故障截图需媒体治理，指标和结论需专业复核。
BV03-0078,P5T3-N05,验证移动性、资源与可用类提升效果,移动性/资源/可用类效果判断记录,移动性/资源/可用类效果判断记录,assessment_output,P5,P5-T3,simulation_case;table;chart;redrawn_image;worksheet,comparison_analysis;problem_diagnosis;risk_checking,对移动性、资源、可用类案例进行前后对比，写出是否闭环和仍需关注的风险。,移动性/资源/可用类效果判断记录,移动性/资源/可用类效果判断记录,planned,pending_media_review,high,reports/P5-T3详细能力节点字段表V0.2.csv,能说明指标改善、业务体验恢复和仍需观察风险之间的关系。
BV03-0079,P5T3-N06,判断未闭环指标与二次分析入口,P5T3-C13,P5T3-C13,resource_card,P5,P5-T3,worksheet;text_card;rubric,evidence_classification;reflection_summary;correction_revision,把案例结论分成已闭环、改善但未达标、证据不足、需信令复盘四类。,未闭环问题清单,未闭环问题清单,planned,pending_professional_review,high,reports/P5-T3详细能力节点字段表V0.2.csv,未闭环分类和信令复盘入口需专业教师确认。
BV03-0080,P5T3-N06,判断未闭环指标与二次分析入口,P5T3-C14,P5T3-C14,resource_card,P5,P5-T3,worksheet;text_card;rubric,evidence_classification;reflection_summary;correction_revision,把案例结论分成已闭环、改善但未达标、证据不足、需信令复盘四类。,未闭环问题清单,未闭环问题清单,planned,pending_professional_review,high,reports/P5-T3详细能力节点字段表V0.2.csv,未闭环分类和信令复盘入口需专业教师确认。
BV03-0081,P5T3-N06,判断未闭环指标与二次分析入口,未闭环问题清单,未闭环问题清单,assessment_output,P5,P5-T3,worksheet;text_card;rubric,evidence_classification;reflection_summary;correction_revision,把案例结论分成已闭环、改善但未达标、证据不足、需信令复盘四类。,未闭环问题清单,未闭环问题清单,planned,pending_professional_review,high,reports/P5-T3详细能力节点字段表V0.2.csv,能说明未闭环原因，并把问题连接到数据分析、方案调整、复测或信令复盘。
BV03-0082,P5T3-N07,输出全网性能提升验证报告,P5T3-C15,P5T3-C15,resource_card,P5,P5-T3,report_template;worksheet;rubric;teacher_guide,report_output;conclusion_writing;reflection_summary,按模板填写验证目标、数据来源、对比结果、结论边界和后续建议。,全网性能提升验证报告,全网性能提升验证报告,planned,pending_professional_review,medium,reports/P5-T3详细能力节点字段表V0.2.csv,报告模板和职业表达口径需专业教师和编辑共同复核。
BV03-0083,P5T3-N07,输出全网性能提升验证报告,P5T3-C16,P5T3-C16,resource_card,P5,P5-T3,report_template;worksheet;rubric;teacher_guide,report_output;conclusion_writing;reflection_summary,按模板填写验证目标、数据来源、对比结果、结论边界和后续建议。,全网性能提升验证报告,全网性能提升验证报告,planned,pending_professional_review,medium,reports/P5-T3详细能力节点字段表V0.2.csv,报告模板和职业表达口径需专业教师和编辑共同复核。
BV03-0084,P5T3-N07,输出全网性能提升验证报告,全网性能提升验证报告,全网性能提升验证报告,assessment_output,P5,P5-T3,report_template;worksheet;rubric;teacher_guide,report_output;conclusion_writing;reflection_summary,按模板填写验证目标、数据来源、对比结果、结论边界和后续建议。,全网性能提升验证报告,全网性能提升验证报告,planned,pending_professional_review,medium,reports/P5-T3详细能力节点字段表V0.2.csv,报告结构完整、数据来源清楚、判断有依据、未闭环边界明确、后续建议可执行。
BV03-0085,P6T2-N01,明确信令问题分析任务与数据来源,P6T2-C01,P6T2-C01,resource_card,P6,P6-T2,text_card;worksheet;simulation_case,case_intro;data_reading,读取任务描述、log入口、地图、指标和信令材料，填写分析任务单。,问题分析任务单,问题分析任务单,planned,pending_media_review,medium,reports/P6-T2详细能力节点字段表V0.2.csv,需确认仿真界面标注是否准确表达信令分析入口。
BV03-0086,P6T2-N01,明确信令问题分析任务与数据来源,P6T2-W01,P6T2-W01,resource_card,P6,P6-T2,text_card;worksheet;simulation_case,case_intro;data_reading,读取任务描述、log入口、地图、指标和信令材料，填写分析任务单。,问题分析任务单,问题分析任务单,planned,pending_media_review,medium,reports/P6-T2详细能力节点字段表V0.2.csv,需确认仿真界面标注是否准确表达信令分析入口。
BV03-0087,P6T2-N01,明确信令问题分析任务与数据来源,问题分析任务单,问题分析任务单,assessment_output,P6,P6-T2,text_card;worksheet;simulation_case,case_intro;data_reading,读取任务描述、log入口、地图、指标和信令材料，填写分析任务单。,问题分析任务单,问题分析任务单,planned,pending_media_review,medium,reports/P6-T2详细能力节点字段表V0.2.csv,能说明问题现象、材料来源、待查信令和不能直接下结论的缺口。
BV03-0088,P6T2-N02,区分覆盖、接入、切换、掉线类问题,P6T2-C02,P6T2-C02,resource_card,P6,P6-T2,redrawn_image;worksheet;table,evidence_classification;problem_diagnosis,对照现象、指标和信令线索，把问题归入四类并写出依据。,问题类型判断表,问题类型判断表,planned,pending_media_review,high,reports/P6-T2详细能力节点字段表V0.2.csv,四类问题分类口径和图示需通信专业教师确认。
BV03-0089,P6T2-N02,区分覆盖、接入、切换、掉线类问题,P6T2-W02,P6T2-W02,resource_card,P6,P6-T2,redrawn_image;worksheet;table,evidence_classification;problem_diagnosis,对照现象、指标和信令线索，把问题归入四类并写出依据。,问题类型判断表,问题类型判断表,planned,pending_media_review,high,reports/P6-T2详细能力节点字段表V0.2.csv,四类问题分类口径和图示需通信专业教师确认。
BV03-0090,P6T2-N02,区分覆盖、接入、切换、掉线类问题,问题类型判断表,问题类型判断表,assessment_output,P6,P6-T2,redrawn_image;worksheet;table,evidence_classification;problem_diagnosis,对照现象、指标和信令线索，把问题归入四类并写出依据。,问题类型判断表,问题类型判断表,planned,pending_media_review,high,reports/P6-T2详细能力节点字段表V0.2.csv,能说明主问题类型、证据依据和为什么暂不能排除其他类型。
BV03-0091,P6T2-N03,建立接入类问题排查链,P6T2-C03,P6T2-C03,resource_card,P6,P6-T2,redrawn_image;worksheet;simulation_case,process_ordering;problem_diagnosis;proposal_matching,按接入流程排序排查项，并标出每一步要看的信令或参数。,接入问题排查路径,接入问题排查路径,planned,pending_media_review,high,reports/P6-T2详细能力节点字段表V0.2.csv,接入流程、PRACH、切片、NG连接等处理顺序需专业复核。
BV03-0092,P6T2-N03,建立接入类问题排查链,P6T2-W03,P6T2-W03,resource_card,P6,P6-T2,redrawn_image;worksheet;simulation_case,process_ordering;problem_diagnosis;proposal_matching,按接入流程排序排查项，并标出每一步要看的信令或参数。,接入问题排查路径,接入问题排查路径,planned,pending_media_review,high,reports/P6-T2详细能力节点字段表V0.2.csv,接入流程、PRACH、切片、NG连接等处理顺序需专业复核。
BV03-0093,P6T2-N03,建立接入类问题排查链,P6T1-C-REG,P6T1-C-REG,resource_card,P6,P6-T2,redrawn_image;worksheet;simulation_case,process_ordering;problem_diagnosis;proposal_matching,按接入流程排序排查项，并标出每一步要看的信令或参数。,接入问题排查路径,接入问题排查路径,planned,pending_media_review,high,reports/P6-T2详细能力节点字段表V0.2.csv,接入流程、PRACH、切片、NG连接等处理顺序需专业复核。
BV03-0094,P6T2-N03,建立接入类问题排查链,P6T1-C-PDU,P6T1-C-PDU,resource_card,P6,P6-T2,redrawn_image;worksheet;simulation_case,process_ordering;problem_diagnosis;proposal_matching,按接入流程排序排查项，并标出每一步要看的信令或参数。,接入问题排查路径,接入问题排查路径,planned,pending_media_review,high,reports/P6-T2详细能力节点字段表V0.2.csv,接入流程、PRACH、切片、NG连接等处理顺序需专业复核。
BV03-0095,P6T2-N03,建立接入类问题排查链,接入问题排查路径,接入问题排查路径,assessment_output,P6,P6-T2,redrawn_image;worksheet;simulation_case,process_ordering;problem_diagnosis;proposal_matching,按接入流程排序排查项，并标出每一步要看的信令或参数。,接入问题排查路径,接入问题排查路径,planned,pending_media_review,high,reports/P6-T2详细能力节点字段表V0.2.csv,能按流程说明排查顺序、证据来源和下一步处理方向。
BV03-0096,P6T2-N04,建立切换类问题信令证据链,P6T2-C04,P6T2-C04,resource_card,P6,P6-T2,annotated_image;redrawn_image;worksheet,metric_annotation;evidence_classification;problem_diagnosis,标注切换流程中的关键节点，判断是未上报、未下发、未收到还是执行失败。,切换问题证据链,切换问题证据链,planned,pending_media_review,high,reports/P6-T2详细能力节点字段表V0.2.csv,切换信令卡点、RSRP变化和优化建议需专业复核。
BV03-0097,P6T2-N04,建立切换类问题信令证据链,P6T2-W04,P6T2-W04,resource_card,P6,P6-T2,annotated_image;redrawn_image;worksheet,metric_annotation;evidence_classification;problem_diagnosis,标注切换流程中的关键节点，判断是未上报、未下发、未收到还是执行失败。,切换问题证据链,切换问题证据链,planned,pending_media_review,high,reports/P6-T2详细能力节点字段表V0.2.csv,切换信令卡点、RSRP变化和优化建议需专业复核。
BV03-0098,P6T2-N04,建立切换类问题信令证据链,P6T1-C-RRCRECFG,P6T1-C-RRCRECFG,resource_card,P6,P6-T2,annotated_image;redrawn_image;worksheet,metric_annotation;evidence_classification;problem_diagnosis,标注切换流程中的关键节点，判断是未上报、未下发、未收到还是执行失败。,切换问题证据链,切换问题证据链,planned,pending_media_review,high,reports/P6-T2详细能力节点字段表V0.2.csv,切换信令卡点、RSRP变化和优化建议需专业复核。
BV03-0099,P6T2-N04,建立切换类问题信令证据链,切换问题证据链,切换问题证据链,assessment_output,P6,P6-T2,annotated_image;redrawn_image;worksheet,metric_annotation;evidence_classification;problem_diagnosis,标注切换流程中的关键节点，判断是未上报、未下发、未收到还是执行失败。,切换问题证据链,切换问题证据链,planned,pending_media_review,high,reports/P6-T2详细能力节点字段表V0.2.csv,能说明切换问题发生在哪一步、对应信令证据和优化判断边界。
BV03-0100,P6T2-N05,建立掉线类问题复盘链,P6T2-C05,P6T2-C05,resource_card,P6,P6-T2,text_card;worksheet;rubric,reflection_summary;problem_diagnosis;risk_checking,对照掉线表现，填写原因链、证据和待排除项。,掉线原因复盘单,掉线原因复盘单,planned,pending_professional_review,high,reports/P6-T2详细能力节点字段表V0.2.csv,掉线定义、原因分类和复盘口径需专业复核。
BV03-0101,P6T2-N05,建立掉线类问题复盘链,P6T2-W05,P6T2-W05,resource_card,P6,P6-T2,text_card;worksheet;rubric,reflection_summary;problem_diagnosis;risk_checking,对照掉线表现，填写原因链、证据和待排除项。,掉线原因复盘单,掉线原因复盘单,planned,pending_professional_review,high,reports/P6-T2详细能力节点字段表V0.2.csv,掉线定义、原因分类和复盘口径需专业复核。
BV03-0102,P6T2-N05,建立掉线类问题复盘链,掉线原因复盘单,掉线原因复盘单,assessment_output,P6,P6-T2,text_card;worksheet;rubric,reflection_summary;problem_diagnosis;risk_checking,对照掉线表现，填写原因链、证据和待排除项。,掉线原因复盘单,掉线原因复盘单,planned,pending_professional_review,high,reports/P6-T2详细能力节点字段表V0.2.csv,能把掉线现象、信令表现、可能原因和待排查项分开表达。
BV03-0103,P6T2-N06,提出优化建议并说明适用边界,P6T2-C06,P6T2-C06,resource_card,P6,P6-T2,simulation_case;redrawn_image;worksheet;table,proposal_matching;risk_checking;comparison_analysis,把原因卡与优化建议卡匹配，写出建议、适用条件和复测方式。,优化建议卡,优化建议卡,planned,pending_media_review,high,reports/P6-T2详细能力节点字段表V0.2.csv,功率、波束、CIO、切换触发时间等建议需专业复核。
BV03-0104,P6T2-N06,提出优化建议并说明适用边界,P6T2-W06,P6T2-W06,resource_card,P6,P6-T2,simulation_case;redrawn_image;worksheet;table,proposal_matching;risk_checking;comparison_analysis,把原因卡与优化建议卡匹配，写出建议、适用条件和复测方式。,优化建议卡,优化建议卡,planned,pending_media_review,high,reports/P6-T2详细能力节点字段表V0.2.csv,功率、波束、CIO、切换触发时间等建议需专业复核。
BV03-0105,P6T2-N06,提出优化建议并说明适用边界,优化建议卡,优化建议卡,assessment_output,P6,P6-T2,simulation_case;redrawn_image;worksheet;table,proposal_matching;risk_checking;comparison_analysis,把原因卡与优化建议卡匹配，写出建议、适用条件和复测方式。,优化建议卡,优化建议卡,planned,pending_media_review,high,reports/P6-T2详细能力节点字段表V0.2.csv,能提出与原因相匹配的建议，并说明该建议不能解决哪些问题。
BV03-0106,P6T2-N07,输出信令问题分析与复盘报告,P6T2-C07,P6T2-C07,resource_card,P6,P6-T2,report_template;worksheet;rubric;teacher_guide,report_output;conclusion_writing;reflection_summary,整理现象、证据链、原因判断、优化建议、复测方式和待复核点。,信令问题分析报告,信令问题分析报告,planned,pending_professional_review,high,reports/P6-T2详细能力节点字段表V0.2.csv,报告结构、信令结论和建议边界需教师及通信专业专家复核。
BV03-0107,P6T2-N07,输出信令问题分析与复盘报告,P6T2-W07,P6T2-W07,resource_card,P6,P6-T2,report_template;worksheet;rubric;teacher_guide,report_output;conclusion_writing;reflection_summary,整理现象、证据链、原因判断、优化建议、复测方式和待复核点。,信令问题分析报告,信令问题分析报告,planned,pending_professional_review,high,reports/P6-T2详细能力节点字段表V0.2.csv,报告结构、信令结论和建议边界需教师及通信专业专家复核。
BV03-0108,P6T2-N07,输出信令问题分析与复盘报告,P6T2-RPT01,P6T2-RPT01,resource_card,P6,P6-T2,report_template;worksheet;rubric;teacher_guide,report_output;conclusion_writing;reflection_summary,整理现象、证据链、原因判断、优化建议、复测方式和待复核点。,信令问题分析报告,信令问题分析报告,planned,pending_professional_review,high,reports/P6-T2详细能力节点字段表V0.2.csv,报告结构、信令结论和建议边界需教师及通信专业专家复核。
BV03-0109,P6T2-N07,输出信令问题分析与复盘报告,信令问题分析报告,信令问题分析报告,assessment_output,P6,P6-T2,report_template;worksheet;rubric;teacher_guide,report_output;conclusion_writing;reflection_summary,整理现象、证据链、原因判断、优化建议、复测方式和待复核点。,信令问题分析报告,信令问题分析报告,planned,pending_professional_review,high,reports/P6-T2详细能力节点字段表V0.2.csv,能让教师或专业复核者追溯现象、证据、原因、建议和复测要求。
BV03-0110,P4T2-N03,读覆盖指标,IMG-288,IMG-288 原教材媒体资源,media_asset_review,P4,P4-T2,image;redrawn_image,not_applicable,not_applicable,not_applicable,读覆盖指标,pending_media_review,pending_media_review,high,reports/课程能力图谱V2关系边表.csv,覆盖优化结果截图需重绘或标注后才能作为教学证据。
BV03-0111,P4T2-N04,读移动性指标,IMG-236,IMG-236 原教材媒体资源,media_asset_review,P4,P4-T2,image;redrawn_image,not_applicable,not_applicable,not_applicable,读移动性指标,pending_media_review,pending_media_review,high,reports/课程能力图谱V2关系边表.csv,切换流程图需标注测量、判决、执行阶段。
BV03-0112,P4T2-N04,读移动性指标,IMG-245,IMG-245 原教材媒体资源,media_asset_review,P4,P4-T2,image;redrawn_image,not_applicable,not_applicable,not_applicable,读移动性指标,pending_media_review,pending_media_review,high,reports/课程能力图谱V2关系边表.csv,SA切换流程需重绘为教学版。
BV03-0113,P4T2-N04,读移动性指标,IMG-289,IMG-289 原教材媒体资源,media_asset_review,P4,P4-T2,image;redrawn_image,not_applicable,not_applicable,not_applicable,读移动性指标,pending_media_review,pending_media_review,high,reports/课程能力图谱V2关系边表.csv,切换优化结果截图需重绘或标注。
BV03-0114,P4T2-N05,读体验与容量指标,IMG-290,IMG-290 原教材媒体资源,media_asset_review,P4,P4-T2,image;redrawn_image,not_applicable,not_applicable,not_applicable,读体验与容量指标,pending_media_review,pending_media_review,high,reports/课程能力图谱V2关系边表.csv,时延结果截图需替换为时延指标对比表。
BV03-0115,P4T2-N05,读体验与容量指标,IMG-291,IMG-291 原教材媒体资源,media_asset_review,P4,P4-T2,image;redrawn_image,not_applicable,not_applicable,not_applicable,读体验与容量指标,pending_media_review,pending_media_review,high,reports/课程能力图谱V2关系边表.csv,速率结果截图需替换为速率指标对比表。
BV03-0116,P4T2-N05,读体验与容量指标,IMG-292,IMG-292 原教材媒体资源,media_asset_review,P4,P4-T2,image;redrawn_image,not_applicable,not_applicable,not_applicable,读体验与容量指标,pending_media_review,pending_media_review,high,reports/课程能力图谱V2关系边表.csv,容量结果截图需重绘容量负荷图。
BV03-0117,P4T2-N05,读体验与容量指标,IMG-293,IMG-293 原教材媒体资源,media_asset_review,P4,P4-T2,image;redrawn_image,not_applicable,not_applicable,not_applicable,读体验与容量指标,pending_media_review,pending_media_review,high,reports/课程能力图谱V2关系边表.csv,掉线结果截图需重绘掉线率证据链图。
BV03-0118,P5T3-N02,选择验证数据源与复测路径,IMG-325,IMG-325 原教材媒体资源,media_asset_review,P5,P5-T3,image;redrawn_image,not_applicable,not_applicable,not_applicable,选择验证数据源与复测路径,pending_media_review,pending_media_review,high,reports/课程能力图谱V2关系边表.csv,性能验证数据源图需重绘为教学化选择图。
BV03-0119,P5T3-N03,建立优化前后KPI对比基线,IMG-326,IMG-326 原教材媒体资源,media_asset_review,P5,P5-T3,image;redrawn_image,not_applicable,not_applicable,not_applicable,建立优化前后KPI对比基线,pending_media_review,pending_media_review,high,reports/课程能力图谱V2关系边表.csv,数据中心界面需重绘为教学化KPI对比表。
BV03-0120,P5T3-N04,验证接入与保持类提升效果,IMG-327,IMG-327 原教材媒体资源,media_asset_review,P5,P5-T3,image;redrawn_image,not_applicable,not_applicable,not_applicable,验证接入与保持类提升效果,pending_media_review,pending_media_review,high,reports/课程能力图谱V2关系边表.csv,未下发A2重配截图需标注或重绘。
BV03-0121,P5T3-N04,验证接入与保持类提升效果,IMG-328,IMG-328 原教材媒体资源,media_asset_review,P5,P5-T3,image;redrawn_image,not_applicable,not_applicable,not_applicable,验证接入与保持类提升效果,pending_media_review,pending_media_review,high,reports/课程能力图谱V2关系边表.csv,问题分析截图需标注。
BV03-0122,P5T3-N04,验证接入与保持类提升效果,IMG-329,IMG-329 原教材媒体资源,media_asset_review,P5,P5-T3,image;redrawn_image,not_applicable,not_applicable,not_applicable,验证接入与保持类提升效果,pending_media_review,pending_media_review,high,reports/课程能力图谱V2关系边表.csv,A2重配正常截图需重绘对照。
BV03-0123,P5T3-N04,验证接入与保持类提升效果,IMG-330,IMG-330 原教材媒体资源,media_asset_review,P5,P5-T3,image;redrawn_image,not_applicable,not_applicable,not_applicable,验证接入与保持类提升效果,pending_media_review,pending_media_review,high,reports/课程能力图谱V2关系边表.csv,PDU会话未完全建立截图需标注。
BV03-0124,P5T3-N04,验证接入与保持类提升效果,IMG-331,IMG-331 原教材媒体资源,media_asset_review,P5,P5-T3,image;redrawn_image,not_applicable,not_applicable,not_applicable,验证接入与保持类提升效果,pending_media_review,pending_media_review,high,reports/课程能力图谱V2关系边表.csv,网络配置图需版权和清晰度审核。
BV03-0125,P5T3-N04,验证接入与保持类提升效果,IMG-332,IMG-332 原教材媒体资源,media_asset_review,P5,P5-T3,image;redrawn_image,not_applicable,not_applicable,not_applicable,验证接入与保持类提升效果,pending_media_review,pending_media_review,high,reports/课程能力图谱V2关系边表.csv,配置截图需重绘。
BV03-0126,P5T3-N04,验证接入与保持类提升效果,IMG-333,IMG-333 原教材媒体资源,media_asset_review,P5,P5-T3,image;redrawn_image,not_applicable,not_applicable,not_applicable,验证接入与保持类提升效果,pending_media_review,pending_media_review,high,reports/课程能力图谱V2关系边表.csv,优化过程截图需重绘。
BV03-0127,P5T3-N04,验证接入与保持类提升效果,IMG-334,IMG-334 原教材媒体资源,media_asset_review,P5,P5-T3,image;redrawn_image,not_applicable,not_applicable,not_applicable,验证接入与保持类提升效果,pending_media_review,pending_media_review,high,reports/课程能力图谱V2关系边表.csv,PDU会话建立正常截图需重绘对照。
BV03-0128,P5T3-N04,验证接入与保持类提升效果,IMG-335,IMG-335 原教材媒体资源,media_asset_review,P5,P5-T3,image;redrawn_image,not_applicable,not_applicable,not_applicable,验证接入与保持类提升效果,pending_media_review,pending_media_review,high,reports/课程能力图谱V2关系边表.csv,弱覆盖导致掉线截图需标注。
BV03-0129,P5T3-N04,验证接入与保持类提升效果,IMG-336,IMG-336 原教材媒体资源,media_asset_review,P5,P5-T3,image;redrawn_image,not_applicable,not_applicable,not_applicable,验证接入与保持类提升效果,pending_media_review,pending_media_review,high,reports/课程能力图谱V2关系边表.csv,掉线效果验证截图需重绘为复测对比图。
BV03-0130,P5T3-N05,验证移动性、资源与可用类提升效果,IMG-337,IMG-337 原教材媒体资源,media_asset_review,P5,P5-T3,image;redrawn_image,not_applicable,not_applicable,not_applicable,验证移动性、资源与可用类提升效果,pending_media_review,pending_media_review,high,reports/课程能力图谱V2关系边表.csv,乒乓切换测试图示需标注。
BV03-0131,P5T3-N05,验证移动性、资源与可用类提升效果,IMG-338,IMG-338 原教材媒体资源,media_asset_review,P5,P5-T3,image;redrawn_image,not_applicable,not_applicable,not_applicable,验证移动性、资源与可用类提升效果,pending_media_review,pending_media_review,high,reports/课程能力图谱V2关系边表.csv,乒乓切换效果验证图需重绘。
BV03-0132,P5T3-N05,验证移动性、资源与可用类提升效果,IMG-339,IMG-339 原教材媒体资源,media_asset_review,P5,P5-T3,image;redrawn_image,not_applicable,not_applicable,not_applicable,验证移动性、资源与可用类提升效果,pending_media_review,pending_media_review,high,reports/课程能力图谱V2关系边表.csv,低速率问题截图需标注。
BV03-0133,P5T3-N05,验证移动性、资源与可用类提升效果,IMG-340,IMG-340 原教材媒体资源,media_asset_review,P5,P5-T3,image;redrawn_image,not_applicable,not_applicable,not_applicable,验证移动性、资源与可用类提升效果,pending_media_review,pending_media_review,high,reports/课程能力图谱V2关系边表.csv,低速率复测图需重绘。
BV03-0134,P5T3-N05,验证移动性、资源与可用类提升效果,IMG-341,IMG-341 原教材媒体资源,media_asset_review,P5,P5-T3,image;redrawn_image,not_applicable,not_applicable,not_applicable,验证移动性、资源与可用类提升效果,pending_media_review,pending_media_review,high,reports/课程能力图谱V2关系边表.csv,可用类问题路测图需标注。
BV03-0135,P5T3-N05,验证移动性、资源与可用类提升效果,IMG-342,IMG-342 原教材媒体资源,media_asset_review,P5,P5-T3,image;redrawn_image,not_applicable,not_applicable,not_applicable,验证移动性、资源与可用类提升效果,pending_media_review,pending_media_review,high,reports/课程能力图谱V2关系边表.csv,光链路故障证据需标注。
BV03-0136,P5T3-N05,验证移动性、资源与可用类提升效果,IMG-343,IMG-343 原教材媒体资源,media_asset_review,P5,P5-T3,image;redrawn_image,not_applicable,not_applicable,not_applicable,验证移动性、资源与可用类提升效果,pending_media_review,pending_media_review,high,reports/课程能力图谱V2关系边表.csv,可用类复测图需重绘。
BV03-0137,P4T2-N01,P4T2-N01,R-01,投诉线索归类互动,overall_prototype_resource,P4,P4-T2,互动,互动,投诉线索归类互动,样章内已有学习活动,样章内已有学习活动,样章内已有学习活动,教学模拟，待专业复核,medium,samples/digital_textbook_overall_prototype/data.js,教学模拟，待专业复核
BV03-0138A,P4T2-N03,读覆盖指标,R-02,覆盖/移动性指标表,overall_prototype_resource,P4,P4-T2,表格,表格,覆盖/移动性指标表,样章内已有,样章内已有,样章内已有,阈值待专业复核,medium,samples/digital_textbook_overall_prototype/data.js,覆盖指标部分阈值待专业复核
BV03-0138B,P4T2-N04,读移动性指标,R-02,覆盖/移动性指标表,overall_prototype_resource,P4,P4-T2,表格,表格,覆盖/移动性指标表,样章内已有,样章内已有,样章内已有,阈值待专业复核,medium,samples/digital_textbook_overall_prototype/data.js,移动性指标部分阈值待专业复核
BV03-0139,P4T2-N05,P4T2-N05,R-03,指标行标注活动,overall_prototype_resource,P4,P4-T2,互动,互动,指标行标注活动,样章内已有学习活动,样章内已有学习活动,样章内已有学习活动,教学模拟，待专业复核,medium,samples/digital_textbook_overall_prototype/data.js,教学模拟，待专业复核
BV03-0140A,P4T2-N07,形成验收结论,R-04,结论拼装与修正句,overall_prototype_resource,P4,P4-T2,学习单,学习单,结论拼装与修正句,样章内已有,样章内已有,样章内已有,待一线试看,medium,samples/digital_textbook_overall_prototype/data.js,验收结论拼装待一线试看
BV03-0140B,P4T2-N08,修正职业表达,R-04,结论拼装与修正句,overall_prototype_resource,P4,P4-T2,学习单,学习单,结论拼装与修正句,样章内已有,样章内已有,样章内已有,待一线试看,medium,samples/digital_textbook_overall_prototype/data.js,职业表达修正待一线试看
BV03-0141,P4-T2,任务2：5G网络优化结果验证,R-05,教师2课时带教材料,overall_prototype_resource,P4,P4-T2,教师材料,教师材料,教师2课时带教材料,样章内已有,样章内已有,样章内已有,待一线教师试看,medium,samples/digital_textbook_overall_prototype/data.js,任务级教师材料，覆盖P4T2-N01至P4T2-N08
BV03-0142,COURSE-5G-NETOPT,5G网络优化教材（高级）,R-06,全书媒体池,overall_prototype_resource,全书,多任务,图片/截图,图片/截图,全书媒体池,已抽取，未治理完成,已抽取，未治理完成,已抽取，未治理完成,不可默认发布,high,samples/digital_textbook_overall_prototype/data.js,全课程媒体治理池，不直接等同于可发布资源
BV03-0143,COURSE-5G-NETOPT,5G网络优化教材（高级）,R-07,课程能力图谱跨层映射表,overall_prototype_resource,全书,18个任务,结构化数据,结构化数据,课程能力图谱跨层映射表,已形成,已形成,已形成,需后续专家复核图谱合理性,medium,samples/digital_textbook_overall_prototype/data.js,课程级结构化映射，覆盖CG-01至CG-07
BV03A-INC-P2T2-001,P2T2-N01,判断测试异常现象与影响范围,P2T2A-C01,测试异常情境卡,resource_card,P2,P2-T2,text_card;case_card;classification_table,case_intro;problem_classification,阅读现场异常情境，写出异常现象、影响范围和初步类型。,测试异常现象判断单,测试异常现象判断单,planned,pending_professional_review,medium,reports/P2-T2详细能力节点主数据增量样表V0.3A.csv,用一个完整情境引入任务，避免先讲零散设备问题。
BV03A-INC-P2T2-002,P2T2-N02,按排查路径处理设备、软件与数据问题,P2T2A-C02,设备与供电排查分支卡,resource_card,P2,P2-T2,text_card;process_table;worksheet,process_ordering;troubleshooting,按GPS、终端、扫频仪、USB端口、供电顺序排查设备类问题。,测试问题排查记录单,测试问题排查记录单,planned,pending_professional_review,high,reports/P2-T2详细能力节点主数据增量样表V0.3A.csv,作为P2T2-N02下的分支资源，不单独上升为图谱节点。
BV03A-INC-P2T2-003,P2T2-N02,按排查路径处理设备、软件与数据问题,P2T2A-C03,软件与授权排查分支卡,resource_card,P2,P2-T2,flowchart;worksheet,process_ordering;troubleshooting,按授权、端口、驱动、软件重启、电脑替换等步骤排查软件连接问题。,测试问题排查记录单,测试问题排查记录单,planned,pending_professional_review,medium,reports/P2-T2详细能力节点主数据增量样表V0.3A.csv,作为P2T2-N02下的分支资源，不单独上升为图谱节点。
BV03A-INC-P2T2-004,P2T2-N02,按排查路径处理设备、软件与数据问题,P2T2A-C04,数据保存与完整性检查卡,resource_card,P2,P2-T2,checklist;worksheet,data_checking;risk_checking,检查硬盘空间、采集文件、字段完整性和可分析性。,测试问题排查记录单,测试问题排查记录单,planned,pending_professional_review,medium,reports/P2-T2详细能力节点主数据增量样表V0.3A.csv,该分支与P2-T3 LOG导入形成前置关系。
BV03A-INC-P2T2-005,P2T2-N02,按排查路径处理设备、软件与数据问题,IMG-083,车载逆变器图片,media_asset_review,P2,P2-T2,image;redrawn_image,risk_checking,评估图片是否可用于教学并提出重绘或标注要求。,媒体审查记录,硬件图片媒体审查记录,planned,pending_media_review,high,reports/P2-T2详细能力节点主数据增量样表V0.3A.csv,原教材图片不可默认发布，建议重绘为供电异常判断示意图。
BV03A-INC-P2T2-006,P2T2-N03,完成现场协调与责任升级,P2T2A-C05,现场协调升级卡,resource_card,P2,P2-T2,scenario_card;matching,role_matching;communication_routing,根据测试车辆、客户接口、业主阻拦和后台支撑场景选择责任人。,现场协调升级记录,现场协调升级记录,planned,pending_professional_review,medium,reports/P2-T2详细能力节点主数据增量样表V0.3A.csv,强调禁止越权承诺和及时反馈边界。
BV03A-INC-P2T2-007,P2T2-N04,形成问题处理闭环记录与预案,P2T2A-C06,GPS打点失败案例复盘表,resource_card,P2,P2-T2,case_table;worksheet,case_analysis;troubleshooting,复盘GPS打点失败案例并判断问题原因和处理措施。,测试问题闭环记录与预案,测试问题闭环记录与预案,planned,pending_professional_review,medium,reports/P2-T2详细能力节点主数据增量样表V0.3A.csv,来自原教材经典案例，仍需专业教师确认表述和处理流程。
BV03A-INC-P2T2-008,P2T2-N04,形成问题处理闭环记录与预案,P2T2A-C07,测试问题闭环记录模板,resource_card,P2,P2-T2,worksheet;report_template,case_analysis;reflection_summary,把问题现象、排查过程、处理措施、责任人和结果写成闭环记录。,测试问题闭环记录与预案,测试问题闭环记录与预案,planned,pending_professional_review,medium,reports/P2-T2详细能力节点主数据增量样表V0.3A.csv,作为后续P2-T3数据分析的问题背景。
BV03A-INC-P2T2-009,P2T2-N04,形成问题处理闭环记录与预案,P2T2A-C08,测试问题预案模板,resource_card,P2,P2-T2,worksheet;template,reflection_summary;risk_checking,根据问题类型补充下次测试前的预防检查项。,测试问题闭环记录与预案,测试问题闭环记录与预案,planned,pending_professional_review,medium,reports/P2-T2详细能力节点主数据增量样表V0.3A.csv,用于把一次问题处理转化为可复用预案。
BV031A-INC-P3T3-001,P3T3-N01,明确参数检查场景与检查对象,P3T3-C01,参数检查情境卡,resource_card,P3,P3-T3,case_card;text_card;classification_table,case_intro;problem_classification,阅读掉话、切换异常、速率下降等情境，选择无线、传输或核心网检查对象。,参数检查任务单,参数检查任务单,planned,pending_professional_review,medium,reports/P3-T3增量补拆修订说明V0.3.1A.md,用情境启动任务，避免学生先面对大量参数公式。
BV031A-INC-P3T3-002,P3T3-N01,明确参数检查场景与检查对象,P3T3-W01,参数检查任务单,assessment_output,P3,P3-T3,worksheet;rubric,case_intro;problem_classification,填写问题现象、检查对象、需要查看的数据和预期产出。,参数检查任务单,参数检查任务单,planned,pending_professional_review,medium,reports/P3-T3增量补拆修订说明V0.3.1A.md,评价学生是否能把问题现象转化为参数检查任务。
BV031A-INC-P3T3-003,P3T3-N02,识读容量、覆盖与功率参数口径,P3T3-C02A,容量参数读法卡,resource_card,P3,P3-T3,formula_card;parameter_table;worked_example;worksheet,formula_annotation;data_reading,标出资源占比、等效TBS、区域吞吐量和单扇区能力等变量，说明它们支持的容量判断。,规划参数读法与边界表,规划参数读法与边界表,planned,pending_professional_review,high,reports/P3-T3增量补拆修订说明V0.3.1A.md,把容量计算拆成教学化读法卡，避免直接堆公式。
BV031A-INC-P3T3-004,P3T3-N02,识读容量、覆盖与功率参数口径,P3T3-C02B,覆盖与链路预算参数读法卡,resource_card,P3,P3-T3,formula_card;parameter_table;worked_example;worksheet,formula_annotation;boundary_checking,标出发射功率、天线增益、噪声、灵敏度、路损和覆盖距离等变量，说明它们支持的覆盖判断。,规划参数读法与边界表,规划参数读法与边界表,planned,pending_professional_review,high,reports/P3-T3增量补拆修订说明V0.3.1A.md,覆盖和链路预算公式必须专业复核，不能写成通用结论。
BV031A-INC-P3T3-005,P3T3-N02,识读容量、覆盖与功率参数口径,P3T3-C02C,功率与接入参数边界表,resource_card,P3,P3-T3,formula_card;parameter_table;worked_example;worksheet,parameter_comparison;boundary_checking,把功率、接入、测量事件、MCS、HARQ等参数归类，写出能说明什么和不能说明什么。,规划参数读法与边界表,规划参数读法与边界表,planned,pending_professional_review,high,reports/P3-T3增量补拆修订说明V0.3.1A.md,参数范围需专业复核，不能写成通用阈值。
BV031A-INC-P3T3-006,P3T3-N02,识读容量、覆盖与功率参数口径,P3T3-W02,规划参数读法与边界表,assessment_output,P3,P3-T3,worksheet;rubric,formula_annotation;boundary_checking,填写每类参数能支持的判断、不能直接说明的问题和需补查材料。,规划参数读法与边界表,规划参数读法与边界表,planned,pending_professional_review,high,reports/P3-T3增量补拆修订说明V0.3.1A.md,用于约束学生不能只背公式或只抄参数范围。
BV031A-INC-P3T3-007,P3T3-N03,完成无线侧参数查询、导出与差异比较,P3T3-C04,无线侧参数查询路径卡,resource_card,P3,P3-T3,redrawn_image;process_table;worksheet,process_ordering;data_checking,按网管入口、无线侧、站点、小区参数、导出数据的路径排序。,无线参数差异检查记录,无线参数差异检查记录,planned,pending_media_review,high,reports/P3-T3增量补拆修订说明V0.3.1A.md,原教材网管截图需重绘为教学化流程图。
BV031A-INC-P3T3-008,P3T3-N03,完成无线侧参数查询、导出与差异比较,P3T3-C05,无线参数差异比较表,resource_card,P3,P3-T3,parameter_table;worksheet;comparison_table,parameter_comparison;data_checking,比较现网数据、导出数据和目标配置，标出差异项和复核风险。,无线参数差异检查记录,无线参数差异检查记录,planned,pending_professional_review,high,reports/P3-T3增量补拆修订说明V0.3.1A.md,差异项不等于故障结论，需连接业务现象和专业复核。
BV031A-INC-P3T3-009,P3T3-N03,完成无线侧参数查询、导出与差异比较,IMG-173-176,无线网管参数检查截图组,media_asset_review,P3,P3-T3,image;redrawn_image,risk_checking,评估无线网管主界面、无线侧入口、参数窗口和导出窗口是否需要重绘、标注或替换。,媒体审查记录,无线网管截图媒体审查记录,planned,pending_media_review,high,reports/P3-T3增量补拆修订说明V0.3.1A.md,包含image173、image174、image175、image176，涉及非通用仿真或网管软件截图，不能裸用。
BV031A-INC-P3T3-010,P3T3-N03,完成无线侧参数查询、导出与差异比较,P3T3-W03,无线参数差异检查记录,assessment_output,P3,P3-T3,worksheet;rubric,parameter_comparison;data_checking,提交无线参数差异检查记录，说明差异项、影响判断和下一步复核。,无线参数差异检查记录,无线参数差异检查记录,planned,pending_professional_review,high,reports/P3-T3增量补拆修订说明V0.3.1A.md,评价重点是是否能解释差异含义，而不是只截屏。
BV031A-INC-P3T3-011,P3T3-N04,完成传输侧参数查询与承载参数核对,P3T3-C06,传输承载场景读图卡,resource_card,P3,P3-T3,scenario_card;redrawn_image;text_card,data_reading;risk_checking,根据D-RAN、C-RAN、前传、回传场景判断需要核对的传输参数。,传输参数核对记录,传输参数核对记录,planned,pending_media_review,high,reports/P3-T3增量补拆修订说明V0.3.1A.md,OTN、PTN、SPN和前回传图应重绘为教学版。
BV031A-INC-P3T3-012,P3T3-N04,完成传输侧参数查询与承载参数核对,P3T3-C07,传输参数核对表,resource_card,P3,P3-T3,parameter_table;checklist;worksheet,parameter_comparison;risk_checking,核对CIR、PIR、本地优先级、告警门限、路由策略和带宽等参数。,传输参数核对记录,传输参数核对记录,planned,pending_professional_review,high,reports/P3-T3增量补拆修订说明V0.3.1A.md,传输参数是否异常必须结合承载场景和业务要求。
BV031A-INC-P3T3-013,P3T3-N04,完成传输侧参数查询与承载参数核对,IMG-155-165,传输组网与网管截图组,media_asset_review,P3,P3-T3,image;redrawn_image,risk_checking,评估传输承载方案图、带宽需求图和传输网管截图是否需要重绘、标注或替换。,媒体审查记录,传输图示与网管截图媒体审查记录,planned,pending_media_review,high,reports/P3-T3增量补拆修订说明V0.3.1A.md,包含image155至image165，正式资源化前需分图审查。
BV031A-INC-P3T3-014,P3T3-N04,完成传输侧参数查询与承载参数核对,P3T3-W04,传输参数核对记录,assessment_output,P3,P3-T3,worksheet;rubric,parameter_comparison;risk_checking,提交传输参数核对记录，说明承载风险、需补查数据和是否影响业务。,传输参数核对记录,传输参数核对记录,planned,pending_professional_review,high,reports/P3-T3增量补拆修订说明V0.3.1A.md,评价学生是否能把参数表和承载场景联系起来。
BV031A-INC-P3T3-015,P3T3-N05,完成核心网参数查询与业务控制参数核对,P3T3-C08,核心网功能与QoS概念卡,resource_card,P3,P3-T3,concept_card;table;text_card,terminology_matching;data_reading,把AMF、SMF、UPF、QoS等概念与参数检查任务对应起来。,核心网参数核对记录,核心网参数核对记录,planned,pending_professional_review,high,reports/P3-T3增量补拆修订说明V0.3.1A.md,概念解释必须服务当前参数检查任务，不能扩展成协议讲义。
BV031A-INC-P3T3-016,P3T3-N05,完成核心网参数查询与业务控制参数核对,P3T3-C09,核心网控制参数核对表,resource_card,P3,P3-T3,parameter_table;worksheet;checklist,parameter_comparison;risk_checking,核对核心网控制类参数、QoS参数和业务控制相关参数。,核心网参数核对记录,核心网参数核对记录,planned,pending_professional_review,high,reports/P3-T3增量补拆修订说明V0.3.1A.md,协议参数和默认值需要通信专业教师复核。
BV031A-INC-P3T3-017,P3T3-N05,完成核心网参数查询与业务控制参数核对,IMG-172-177,核心网参数检查入口与查询截图组,media_asset_review,P3,P3-T3,image;redrawn_image,risk_checking,评估核心网参数检查入口和参数查询窗口截图是否需要重绘、标注或替换。,媒体审查记录,核心网截图媒体审查记录,planned,pending_media_review,high,reports/P3-T3增量补拆修订说明V0.3.1A.md,包含image172和image177，原截图不能默认进入正式数字教材。
BV031A-INC-P3T3-018,P3T3-N05,完成核心网参数查询与业务控制参数核对,P3T3-W05,核心网参数核对记录,assessment_output,P3,P3-T3,worksheet;rubric,parameter_comparison;risk_checking,提交核心网参数核对记录，说明参数用途、业务影响和复核风险。,核心网参数核对记录,核心网参数核对记录,planned,pending_professional_review,high,reports/P3-T3增量补拆修订说明V0.3.1A.md,评价重点是参数用途和业务影响，而不是抄默认值。
BV031A-INC-P3T3-019,P3T3-N06,形成参数异常清单与后续处理建议,P3T3-C10,A3事件未触发切换案例复盘卡,resource_card,P3,P3-T3,case_table;worksheet;text_card,case_analysis;problem_diagnosis,复盘A3事件未触发切换案例，区分邻区配置、目标小区状态和XN链路问题。,参数异常清单与处理建议,参数异常清单与处理建议,planned,pending_professional_review,high,reports/P3-T3增量补拆修订说明V0.3.1A.md,案例可教学化使用，但结论和图示需专业复核。
BV031A-INC-P3T3-020,P3T3-N06,形成参数异常清单与后续处理建议,IMG-178-179,A3事件未触发切换案例截图组,media_asset_review,P3,P3-T3,image;redrawn_image,risk_checking,评估邻区关系、目标小区状态和XN链路故障截图是否需要重绘、标注或替换。,媒体审查记录,A3事件案例截图媒体审查记录,planned,pending_media_review,high,reports/P3-T3增量补拆修订说明V0.3.1A.md,补齐V0.3.1遗漏的经典案例图片媒体审查挂接，不能裸用。
BV031A-INC-P3T3-021,P3T3-N06,形成参数异常清单与后续处理建议,P3T3-C11,参数异常清单模板,resource_card,P3,P3-T3,worksheet;comparison_table;rubric,proposal_matching;conclusion_writing,把无线、传输、核心网检查结果汇总为异常项、影响范围、处理建议和复核状态。,参数异常清单与处理建议,参数异常清单与处理建议,planned,pending_professional_review,high,reports/P3-T3增量补拆修订说明V0.3.1A.md,模板需保留待复核、待重绘、需补查等状态字段。
BV031A-INC-P3T3-022,P3T3-N06,形成参数异常清单与后续处理建议,P3T3-RPT01,参数检查处理建议模板,assessment_output,P3,P3-T3,report_template;worksheet;rubric,proposal_matching;conclusion_writing;risk_checking,写出处理建议、适用边界、是否进入参数设置和后续复测方式。,参数异常清单与处理建议,参数异常清单与处理建议,planned,pending_professional_review,high,reports/P3-T3增量补拆修订说明V0.3.1A.md,评价学生能否把参数检查结果转为后续任务入口。
BV032A-INC-P1T3-001,P1T3-N01,完成投诉应答与处理边界判断,P1T3-C01,投诉类型与紧急程度判断卡,resource_card,P1,P1-T3,text_card;case_card;classification_table,case_intro;evidence_classification,阅读投诉描述，判断普通、紧急、升级、批量或重复投诉，并说明处理边界。,投诉受理与分类记录,投诉受理与分类记录,planned,pending_professional_review,medium,reports/P1-T3详细能力节点主数据增量样表V0.3.2A.csv,投诉分类来自原文，但分类边界涉及运营商制度，需专业复核。
BV032A-INC-P1T3-002,P1T3-N01,完成投诉应答与处理边界判断,P1T3-C02,应答原则与升级边界卡,resource_card,P1,P1-T3,text_card;scenario_card;checklist,risk_checking;correction_revision,判断话术中是否存在推诿、越权承诺、未取得客户同意或未说明升级边界的问题。,投诉受理与分类记录,投诉受理与分类记录,planned,pending_editorial_review,medium,reports/P1-T3详细能力节点主数据增量样表V0.3.2A.csv,重点治理服务表达和处理承诺，不把话术当作可直接背诵文本。
BV032A-INC-P1T3-003,P1T3-N01,完成投诉应答与处理边界判断,P1T3-W01,投诉受理分类单,assessment_output,P1,P1-T3,worksheet;rubric,evidence_classification;risk_checking,填写投诉来源、紧急程度、升级风险、首问责任和下一步记录要求。,投诉受理与分类记录,投诉受理与分类记录,planned,pending_professional_review,medium,reports/P1-T3详细能力节点主数据增量样表V0.3.2A.csv,评价学生能否把投诉入口转化为可处理任务，而不是只背分类名称。
BV032A-INC-P1T3-004,P1T3-N02,核实投诉关键信息并填写信息单,P1T3-C03,投诉信息字段核对卡,resource_card,P1,P1-T3,text_card;checklist;worksheet,data_checking;risk_checking,从客户口述中提取时间、地点、业务类型、终端型号、号码、频率和影响范围。,用户投诉信息单,用户投诉信息单,planned,pending_editorial_review,high,reports/P1-T3详细能力节点主数据增量样表V0.3.2A.csv,把原文表格字段转为教学化字段核对，不直接裸用客户信息。
BV032A-INC-P1T3-005,P1T3-N02,核实投诉关键信息并填写信息单,P1T3-TBL01,用户投诉信息单教学化表格,resource_card,P1,P1-T3,table;worksheet;checklist,data_checking,按投诉人信息、投诉内容、受理记录和处理结果四类字段填写信息单。,用户投诉信息单,用户投诉信息单,planned,pending_editorial_review,high,reports/P1-T3详细能力节点主数据增量样表V0.3.2A.csv,需删除或脱敏真实姓名、地址、电话、工作单位、工单号等个人信息后才能用于正式样章。
BV032A-INC-P1T3-006,P1T3-N02,核实投诉关键信息并填写信息单,P1T3-PRIV01,个人信息脱敏与授权检查,resource_card,P1,P1-T3,checklist;risk_card,risk_checking,检查投诉信息单是否包含姓名、电话、地址、录音、工单号等敏感信息，并标注脱敏或授权要求。,用户投诉信息单,隐私与数据安全检查记录,planned,pending_editorial_review,high,reports/P1-T3详细能力节点主数据增量样表V0.3.2A.csv,这是P1-T3区别于纯技术任务的关键治理项，后续字段规范应考虑个人信息类型和授权状态字段。
BV032A-INC-P1T3-007,P1T3-N02,核实投诉关键信息并填写信息单,P1T3-W02,投诉信息记录单,assessment_output,P1,P1-T3,worksheet;rubric,data_checking;risk_checking,提交完整投诉信息记录，并说明哪些信息可进入后续测试分析，哪些信息需脱敏。,用户投诉信息单,用户投诉信息单,planned,pending_professional_review,high,reports/P1-T3详细能力节点主数据增量样表V0.3.2A.csv,评价重点是字段完整性、可分析性和隐私边界。
BV032A-INC-P1T3-008,P1T3-N03,现场核实投诉场景与业务现象,P1T3-C04,现场预约与上门核实流程卡,resource_card,P1,P1-T3,process_table;scenario_card;checklist,process_ordering;risk_checking,按预约、准备、身份说明、取得同意、现场核实、结果告知的顺序整理现场流程。,现场核实记录,现场核实记录,planned,pending_editorial_review,medium,reports/P1-T3详细能力节点主数据增量样表V0.3.2A.csv,流程训练服务于现场核实，不等同于完整测试流程。
BV032A-INC-P1T3-009,P1T3-N03,现场核实投诉场景与业务现象,P1T3-C05,投诉现场业务现象观察表,resource_card,P1,P1-T3,table;checklist;worksheet,data_checking;case_analysis,观察并记录语音、视频、网页、覆盖环境、室分、阻挡和干扰等现场现象。,现场核实记录,现场核实记录,planned,pending_professional_review,medium,reports/P1-T3详细能力节点主数据增量样表V0.3.2A.csv,现象记录不能直接等同于根因结论，需连接P2/P3/P4后续任务。
BV032A-INC-P1T3-010,P1T3-N03,现场核实投诉场景与业务现象,P1T3-W03,现场核实记录,assessment_output,P1,P1-T3,worksheet;rubric,data_checking;risk_checking,提交现场核实记录，说明投诉是否复现、业务现象是什么、还需要补充哪些测试。,现场核实记录,现场核实记录,planned,pending_professional_review,medium,reports/P1-T3详细能力节点主数据增量样表V0.3.2A.csv,评价学生是否能把客户感知转成可验证的现场记录。
BV032A-INC-P1T3-011,P1T3-N04,形成投诉初判与后续任务入口,P1T3-C06,投诉原因初步定位案例卡,resource_card,P1,P1-T3,case_card;classification_table;worksheet,case_analysis;problem_classification,对弱覆盖、测试正常、室内无覆盖等教学模拟案例做初步问题类型判断和后续处理入口标注。,投诉初判与后续任务入口单,投诉初判与后续任务入口单,planned,pending_professional_review,high,reports/P1-T3详细能力节点主数据增量样表V0.3.2A.csv,案例偏4G语境，正式教材需改写为5G教学模拟案例或标注适用边界。
BV032A-INC-P1T3-012,P1T3-N04,形成投诉初判与后续任务入口,P1T3-C08A,投诉初判与后续任务入口辨析卡,resource_card,P1,P1-T3,case_table;worksheet;rubric,case_analysis;proposal_matching,把经典案例中的投诉内容、现场证据、初步问题类型、证据不足点和后续任务入口分开标注。,投诉初判与后续任务入口单,投诉初判与后续任务入口单,planned,pending_professional_review,high,reports/P1-T3详细能力节点主数据增量样表V0.3.2A.csv,从旧P1T3-C08拆出初判入口方向，避免把问题判断和客户回复混成一个资源。
BV032A-INC-P1T3-013,P1T3-N04,形成投诉初判与后续任务入口,P1T3-W04,投诉初判与后续任务入口单,assessment_output,P1,P1-T3,worksheet;rubric,problem_classification;proposal_matching,填写投诉初判、证据是否充分、后续进入测试、分析、验证或继续跟踪的理由。,投诉初判与后续任务入口单,投诉初判与后续任务入口单,planned,pending_professional_review,high,reports/P1-T3详细能力节点主数据增量样表V0.3.2A.csv,评价重点是初判边界和后续任务入口，不评价学生能否完成完整专业定位。
BV032A-INC-P1T3-014,P1T3-N05,沟通处理结果并形成跟踪闭环,P1T3-C07,处理结果反馈话术边界卡,resource_card,P1,P1-T3,text_card;scenario_card;checklist,correction_revision;risk_checking,比较已解决、短期可解决、短期无法解决三类反馈口径，找出越权承诺或解释不足处。,投诉处理反馈单,投诉处理反馈单,planned,pending_editorial_review,high,reports/P1-T3详细能力节点主数据增量样表V0.3.2A.csv,话术需编辑和专业双重复核，不能鼓励学生机械套用。
BV032A-INC-P1T3-015,P1T3-N05,沟通处理结果并形成跟踪闭环,P1T3-C08B,反馈表达与承诺边界辨析卡,resource_card,P1,P1-T3,case_table;worksheet;rubric,correction_revision;conclusion_writing,把经典案例中的处理结论、客户反馈、不能承诺事项和后续跟踪要求分开标注。,投诉处理反馈单,投诉处理反馈单,planned,pending_editorial_review,high,reports/P1-T3详细能力节点主数据增量样表V0.3.2A.csv,从旧P1T3-C08拆出反馈表达方向，重点治理越权承诺、不确定结论和责任表述。
BV032A-INC-P1T3-016,P1T3-N05,沟通处理结果并形成跟踪闭环,P1T3-PRIV02,电话录音与客户授权边界检查,resource_card,P1,P1-T3,checklist;risk_card,risk_checking,检查反馈记录是否涉及电话录音、客户确认、授权边界、敏感信息复述和投诉升级记录。,投诉处理反馈单,隐私与服务承诺检查记录,planned,pending_editorial_review,high,reports/P1-T3详细能力节点主数据增量样表V0.3.2A.csv,用于强化电话录音、客户授权、服务承诺和跟踪闭环的数据安全治理。
BV032A-INC-P1T3-017,P1T3-N05,沟通处理结果并形成跟踪闭环,P1T3-RPT01,投诉处理反馈单,assessment_output,P1,P1-T3,report_template;worksheet;rubric,conclusion_writing;correction_revision,填写问题类型、处理状态、客户反馈口径、后续跟踪和不能承诺的边界。,投诉处理反馈单,投诉处理反馈单,planned,pending_professional_review,high,reports/P1-T3详细能力节点主数据增量样表V0.3.2A.csv,评价重点是结论边界、客户沟通和后续跟踪，不是写漂亮回复。
BV04-INC-P2T1-001,P2T1-N01,明确DT/CQT测试任务与验收口径,P2T1-C01,DT/CQT任务目标与口径卡,resource_card,P2,P2-T1,text_card;comparison_table;concept_diagram,task_analysis;data_reading,阅读DT/CQT定义和任务要求，区分路测、定点业务测试、采集数据和验收口径。,测试任务与指标口径确认单,测试任务与指标口径确认单,planned,pending_professional_review,medium,reports/P2-T1详细能力节点主数据增量样表V0.4.csv,NSA/SA内容只作为背景概念，不作为P2-T1能力节点。
BV04-INC-P2T1-002,P2T1-N01,明确DT/CQT测试任务与验收口径,P2T1-W01,测试任务与指标口径确认单,assessment_output,P2,P2-T1,worksheet;rubric,task_analysis;data_checking,填写测试对象、业务类型、需要采集的数据、指标口径和验收边界。,测试任务与指标口径确认单,测试任务与指标口径确认单,planned,pending_editorial_review,medium,reports/P2-T1详细能力节点主数据增量样表V0.4.csv,评价学生能否先明确测试任务，而不是直接开始设备操作。
BV04-INC-P2T1-003,P2T1-N01,明确DT/CQT测试任务与验收口径,P2T1-IMG74-78,组网方式背景图重绘对象,media_review_object,P2,P2-T1,redrawn_image;concept_diagram,concept_reading,对照重绘后的SA/NSA背景图，说明其与本任务测试口径的关系。,测试任务与指标口径确认单,测试任务与指标口径确认单,planned,pending_media_review,medium,assets/media/image74.png;assets/media/image75.png;assets/media/image76.png;assets/media/image77.png;assets/media/image78.png,原图仅作重绘来源，不能直接替代测试任务学习材料。
BV04-INC-P2T1-004,P2T1-N02,准备测试资料、工具设备与入场许可,P2T1-TBL01,测试资料与工具设备核对表,resource_card,P2,P2-T1,table;checklist;worksheet,data_checking;risk_checking,按资料、工具、人员车辆、软件、服务器和测试模板六类核对准备状态。,测试准备核对单,测试准备核对单,planned,pending_editorial_review,high,reports/P2-T1详细能力节点主数据增量样表V0.4.csv,设备清单下沉为核对表，避免把GPS、扫频仪、逆变器等拆成节点。
BV04-INC-P2T1-005,P2T1-N02,准备测试资料、工具设备与入场许可,P2T1-PERM01,入场许可与客户接口人核对卡,resource_card,P2,P2-T1,checklist;scenario_card,risk_checking;process_ordering,判断CQT测试是否需要提前申请人员名单、测试时段、工作证和客户接口人确认。,测试准备核对单,测试准备核对单,planned,pending_editorial_review,high,reports/P2-T1详细能力节点主数据增量样表V0.4.csv,涉及授权和联系方式，正式教材必须模拟或脱敏。
BV04-INC-P2T1-006,P2T1-N02,准备测试资料、工具设备与入场许可,P2T1-SAFE01,测试准备安全边界卡,resource_card,P2,P2-T1,checklist;text_card,risk_checking,指出哪些操作只能在教师或企业导师指导下进行，哪些只能使用模拟材料。,测试准备核对单,测试准备核对单,planned,pending_teaching_review,high,reports/P2-T1详细能力节点主数据增量样表V0.4.csv,补充车辆路测、现场入场和设备供电的训练安全边界。
BV04-INC-P2T1-007,P2T1-N03,配置测试软硬件并完成连通性检查,P2T1-C03,测试设备连接流程卡,resource_card,P2,P2-T1,process_table;checklist,process_ordering;data_checking,按连接顺序检查测试手机、GPS、扫频仪、笔记本、采集软件、license和存储空间。,设备连接与软件配置检查记录,设备连接与软件配置检查记录,planned,pending_professional_review,high,reports/P2-T1详细能力节点主数据增量样表V0.4.csv,连接流程需要专业复核，避免把特定厂家软件写成通用流程。
BV04-INC-P2T1-008,P2T1-N03,配置测试软硬件并完成连通性检查,P2T1-W02,设备连接与软件配置检查记录,assessment_output,P2,P2-T1,worksheet;checklist,risk_checking;data_checking,记录设备连接、GPS打点、测试任务配置、FTP业务和LOG保存路径是否可用。,设备连接与软件配置检查记录,设备连接与软件配置检查记录,planned,pending_professional_review,high,reports/P2-T1详细能力节点主数据增量样表V0.4.csv,失败项可触发P2-T2设备、软件与数据问题处理。
BV04-INC-P2T1-009,P2T1-N03,配置测试软硬件并完成连通性检查,P2T1-IMG79-82,测试软件界面与设备连接截图重绘对象,media_review_object,P2,P2-T1,redrawn_image;screenshot;process_diagram,process_ordering,根据重绘图识别软件安装、设备连接、创建任务和保存LOG的关键状态。,设备连接与软件配置检查记录,设备连接与软件配置检查记录,planned,pending_media_review,high,assets/media/image79.png;assets/media/image80.png;assets/media/image81.png;assets/media/image82.png,原软件截图需重绘为教学化界面示意，不能裸用。
BV04-INC-P2T1-010,P2T1-N04,规划DT路线与CQT测试场景,P2T1-C04,DT路线规划原则卡,resource_card,P2,P2-T1,text_card;route_map;table,route_planning;boundary_checking,根据站点开通、主干道、重叠区、孤岛站点、连续覆盖和行驶方向选择DT路线。,测试路线与场景规划表,测试路线与场景规划表,planned,pending_professional_review,high,reports/P2-T1详细能力节点主数据增量样表V0.4.csv,路线应使用教学模拟地图或脱敏路线。
BV04-INC-P2T1-011,P2T1-N04,规划DT路线与CQT测试场景,P2T1-TBL02,CQT室内外测试场景表,resource_card,P2,P2-T1,table;scenario_card,scenario_mapping;data_checking,把室外站点、室内pRRU楼层分布、近中远点和客户指定地点整理为测试点计划。,测试路线与场景规划表,测试路线与场景规划表,planned,pending_professional_review,high,reports/P2-T1详细能力节点主数据增量样表V0.4.csv,近中远点阈值和测试场景需要专业复核。
BV04-INC-P2T1-012,P2T1-N04,规划DT路线与CQT测试场景,P2T1-W03,测试路线与场景规划表,assessment_output,P2,P2-T1,worksheet;route_map;rubric,route_planning;scenario_mapping,填写DT路线、CQT测试点、行驶方向、测试场景和选择理由。,测试路线与场景规划表,测试路线与场景规划表,planned,pending_editorial_review,high,reports/P2-T1详细能力节点主数据增量样表V0.4.csv,作为后续DT和CQT执行前置产出。
BV04-INC-P2T1-013,P2T1-N05,执行DT路测采集并记录异常事件,P2T1-C05,DT采集流程与异常记录卡,resource_card,P2,P2-T1,process_card;checklist,data_collection;exception_recording,按开始业务、启动记录、观察设备状态、记录异常、停止业务和停止记录的顺序完成采集。,DT采集与异常事件记录,DT采集与异常事件记录,planned,pending_professional_review,high,reports/P2-T1详细能力节点主数据增量样表V0.4.csv,路测安全、停车处理和设备供电应转为安全说明。
BV04-INC-P2T1-014,P2T1-N05,执行DT路测采集并记录异常事件,P2T1-W04,DT采集与异常事件记录,assessment_output,P2,P2-T1,worksheet;checklist,exception_recording;data_checking,记录异常发生时间、地点、设备状态、GPS状态、现场情况和是否转入问题处理。,DT采集与异常事件记录,DT采集与异常事件记录,planned,pending_editorial_review,high,reports/P2-T1详细能力节点主数据增量样表V0.4.csv,异常记录可连接P2-T2问题处理。
BV04-INC-P2T1-015,P2T1-N05,执行DT路测采集并记录异常事件,P2T1-CASE01,未知PCI问题教学案例卡,resource_card,P2,P2-T1,case_card;workflow_card,case_intro;problem_classification,阅读未知PCI案例，判断是数据源、基站列表还是现场新增站点导致识别异常。,DT采集与异常事件记录,DT采集与异常事件记录,planned,pending_professional_review,medium,extracted/textbook.md lines 1911-1942,经典案例适合作为教学模拟案例，需专业复核其5G适用边界。
BV04-INC-P2T1-016,P2T1-N06,执行CQT定点业务测试并记录质量,P2T1-C06,CQT业务测试流程卡,resource_card,P2,P2-T1,scenario_card;process_table,scenario_testing;data_checking,按测试时间、测试地点、主被叫次数、通话时长、数据业务和间隔要求组织CQT测试。,CQT业务测试记录,CQT业务测试记录,planned,pending_professional_review,high,reports/P2-T1详细能力节点主数据增量样表V0.4.csv,CQT测试要求需专业复核，且不得引导学生在真实公共场景自行测试。
BV04-INC-P2T1-017,P2T1-N06,执行CQT定点业务测试并记录质量,P2T1-W05,CQT业务测试记录表,assessment_output,P2,P2-T1,worksheet;table;rubric,scenario_testing;data_checking,记录场景、测试点、设备型号、测试卡、主被叫质量、数据业务质量和异常说明。,CQT业务测试记录,CQT业务测试记录,planned,pending_editorial_review,high,reports/P2-T1详细能力节点主数据增量样表V0.4.csv,正式教材需使用模拟测试卡和脱敏场景，不记录真实个人联系方式。
BV04-INC-P2T1-018,P2T1-N06,执行CQT定点业务测试并记录质量,P2T1-TBL03,近中远点与业务质量边界表,resource_card,P2,P2-T1,table;worked_example,boundary_checking;data_reading,说明近点、中点、远点和业务质量记录支持什么判断，不能直接替代完整验收结论。,CQT业务测试记录,CQT业务测试记录,planned,pending_professional_review,medium,reports/P2-T1详细能力节点主数据增量样表V0.4.csv,原文近中远点电平要求需专业复核。
BV04-INC-P2T1-019,P2T1-N07,保存测试LOG并移交测试资料包,P2T1-C07,LOG命名与测试资料包整理卡,resource_card,P2,P2-T1,text_card;checklist;report_template,data_archiving;quality_checking,按测试任务、测试日期、路线、站点、设备、测试卡和异常事件整理LOG与资料包。,测试数据交付包,测试数据交付包,planned,pending_professional_review,high,reports/P2-T1详细能力节点主数据增量样表V0.4.csv,资料包结构应服务P2-T3数据分析，不暴露真实敏感网络数据。
BV04-INC-P2T1-020,P2T1-N07,保存测试LOG并移交测试资料包,P2T1-W06,测试数据交付包清单,assessment_output,P2,P2-T1,worksheet;checklist;rubric,data_archiving;handoff,核对LOG、路线图、测试点、CQT记录、异常事件、设备信息和后续分析联系人是否完整。,测试数据交付包,测试数据交付包,planned,pending_editorial_review,high,reports/P2-T1详细能力节点主数据增量样表V0.4.csv,作为P2-T3明确分析任务和LOG导入的前置产出。
BV04-INC-P2T1-021,P2T1-N07,保存测试LOG并移交测试资料包,P2T1-HANDOFF01,测试资料移交与后续分析入口卡,resource_card,P2,P2-T1,workflow_card;checklist,handoff;quality_checking,说明哪些资料交给后台优化分析，哪些异常进入P2-T2，哪些数据进入P2-T3。,测试数据交付包,测试数据交付包,planned,pending_professional_review,medium,reports/P2-T1详细能力节点主数据增量样表V0.4.csv,用于连接P2-T1、P2-T2和P2-T3。
BV034-INC-P4T1-001,P4T1-N01,明确优化对象与实施边界,P4T1-C01,优化实施情境卡,resource_card,P4,P4-T1,case_card;text_card,case_intro;task_analysis,阅读日常通信问题和前序建议，判断本次是否进入优化实施。,优化实施任务单,优化实施任务单,planned,pending_professional_review,medium,reports/P4-T1详细能力节点主数据增量样表V0.3.4.csv,情境卡用于启动任务，不直接给出优化处方。
BV034-INC-P4T1-002,P4T1-N01,明确优化对象与实施边界,P4T1-W01,优化实施任务单,assessment_output,P4,P4-T1,worksheet;rubric,task_analysis;boundary_checking,填写问题现象、前序依据、可实施对象和暂不能操作的边界。,优化实施任务单,优化实施任务单,planned,pending_editorial_review,medium,reports/P4-T1详细能力节点主数据增量样表V0.3.4.csv,评价学生是否先明确实施对象和边界。
BV034-INC-P4T1-003,P4T1-N02,区分优化动作类型与责任边界,P4T1-C02,优化动作类型分类卡,resource_card,P4,P4-T1,classification_table;scenario_card,problem_classification,根据现象和建议把优化动作归入天线、无线、承载或核心网方向。,优化动作分类与责任边界表,优化动作分类与责任边界表,planned,pending_professional_review,high,reports/P4-T1详细能力节点主数据增量样表V0.3.4.csv,四类对象作为分类资源，不升格为四个能力节点。
BV034-INC-P4T1-004,P4T1-N02,区分优化动作类型与责任边界,P4T1-W02,责任边界表,assessment_output,P4,P4-T1,worksheet;boundary_table,risk_checking;boundary_checking,填写实施动作、责任岗位、授权要求和学生可训练动作。,优化动作分类与责任边界表,优化动作分类与责任边界表,planned,pending_professional_review,high,reports/P4-T1详细能力节点主数据增量样表V0.3.4.csv,用于防止把真实工程操作写成学生可自行完成任务。
BV034-INC-P4T1-005,P4T1-N02,区分优化动作类型与责任边界,P4T1-ACT02,优化方向分支判断活动,learning_activity,P4,P4-T1,interactive_activity;classification_table,problem_classification,把不同问题现象拖入对应优化方向，并标注是否需要专业人员复核。,优化动作分类与责任边界表,优化动作分类与责任边界表,planned,pending_teaching_validation,medium,reports/P4-T1详细能力节点主数据增量样表V0.3.4.csv,后续可转为互动分类活动。
BV034-INC-P4T1-006,P4T1-N03,读取关键参数与变更依据,P4T1-C03,参数依据解释卡,resource_card,P4,P4-T1,parameter_table;text_card,parameter_annotation;data_reading,阅读关键参数说明，标出参数能支持的判断和不能直接说明的结论。,参数依据记录表,参数依据记录表,planned,pending_professional_review,high,reports/P4-T1详细能力节点主数据增量样表V0.3.4.csv,参数解释必须由通信专业教师复核。
BV034-INC-P4T1-007,P4T1-N03,读取关键参数与变更依据,P4T1-IMG01,原教材仿真软件截图组,media_asset_review,P4,P4-T1,screenshot;redrawn_image,media_review;data_reading,对照重绘前后的界面示意，识别参数所在位置和字段含义。,参数依据记录表,参数依据记录表,planned,pending_media_review,high,reports/P4-T1详细能力节点主数据增量样表V0.3.4.csv,覆盖image228至image232和相关参数截图，正式学生端必须重绘或替换。
BV034-INC-P4T1-008,P4T1-N03,读取关键参数与变更依据,P4T1-W03,参数依据记录表,assessment_output,P4,P4-T1,worksheet;rubric,parameter_annotation;evidence_checking,记录参数名称、当前值、建议动作、依据来源和待复核点。,参数依据记录表,参数依据记录表,planned,pending_professional_review,high,reports/P4-T1详细能力节点主数据增量样表V0.3.4.csv,评价学生能否说明为什么需要调整，而不是只点软件界面。
BV034-INC-P4T1-009,P4T1-N03,读取关键参数与变更依据,P4T1-CASE01,CSI-RS配置问题案例材料,resource_card,P4,P4-T1,case_card;data_table,case_analysis;boundary_checking,阅读CSI-RS案例，找出参数配置不一致、指标变化和复测结果之间的关系。,参数依据记录表,参数依据记录表,planned,pending_professional_review,high,reports/P4-T1详细能力节点主数据增量样表V0.3.4.csv,案例可用于教学分析，但不能写成通用优化处方。
BV034-INC-P4T1-010,P4T1-N04,制定实施步骤与风险回退检查,P4T1-C05,实施步骤排序卡,resource_card,P4,P4-T1,process_table;checklist,process_ordering,将实施前检查、授权确认、参数核对、执行记录和回退检查排序。,实施步骤与回退检查单,实施步骤与回退检查单,planned,pending_professional_review,high,reports/P4-T1详细能力节点主数据增量样表V0.3.4.csv,训练受控实施流程，不训练真实网管操作。
BV034-INC-P4T1-011,P4T1-N04,制定实施步骤与风险回退检查,P4T1-W04,风险回退检查单,assessment_output,P4,P4-T1,worksheet;checklist,risk_checking;boundary_checking,填写影响范围、回退条件、复核人和复测要求。,实施步骤与回退检查单,实施步骤与回退检查单,planned,pending_teaching_validation,high,reports/P4-T1详细能力节点主数据增量样表V0.3.4.csv,缺少回退条件的实施方案不得进入后续验证。
BV034-INC-P4T1-012,P4T1-N04,制定实施步骤与风险回退检查,P4T1-ACT04,风险条件补全活动,learning_activity,P4,P4-T1,interactive_activity;checklist,risk_checking,为给定优化动作补全适用范围、副作用和回退条件。,实施步骤与回退检查单,实施步骤与回退检查单,planned,pending_teaching_validation,medium,reports/P4-T1详细能力节点主数据增量样表V0.3.4.csv,后续可转为拖拽或匹配式互动。
BV034-INC-P4T1-013,P4T1-N05,记录实施结果与变更凭据,P4T1-W05,优化实施变更记录模板,assessment_output,P4,P4-T1,record_template;worksheet,record_completion;evidence_checking,填写变更前后参数、实施依据、执行结果、异常备注和验证要求。,优化实施变更记录,优化实施变更记录,planned,pending_professional_review,high,reports/P4-T1详细能力节点主数据增量样表V0.3.4.csv,正式教材只能使用教学模拟或脱敏记录模板。
BV034-INC-P4T1-014,P4T1-N05,记录实施结果与变更凭据,P4T1-C06,变更凭据样例卡,resource_card,P4,P4-T1,evidence_table;text_card,evidence_checking,判断哪些材料可以作为变更凭据，哪些只是辅助说明。,优化实施变更记录,优化实施变更记录,planned,pending_editorial_review,medium,reports/P4-T1详细能力节点主数据增量样表V0.3.4.csv,帮助学生理解记录完整性。
BV034-INC-P4T1-015,P4T1-N06,形成复测验证入口并交接P4-T2,P4T1-W06,复测验证交接清单,assessment_output,P4,P4-T1,worksheet;handoff_list,validation_planning;handoff_checking,汇总复测场景、指标、数据来源、交接材料和不能直接下结论的边界。,复测验证交接清单,复测验证交接清单,planned,pending_professional_review,medium,reports/P4-T1详细能力节点主数据增量样表V0.3.4.csv,该清单直接衔接P4T2-N01。
BV034-INC-P4T1-016,P4T1-N06,形成复测验证入口并交接P4-T2,P4T1-C07,复测指标选择卡,resource_card,P4,P4-T1,text_card;indicator_table,validation_planning,根据实施动作选择需要复测的覆盖、接入、保持、移动性或体验指标。,复测验证交接清单,复测验证交接清单,planned,pending_professional_review,medium,reports/P4-T1详细能力节点主数据增量样表V0.3.4.csv,指标选择必须由P4-T2验证任务继续判断。
BV034-INC-P4T1-017,P4T1-N06,形成复测验证入口并交接P4-T2,P4T1-ACT06,验证材料匹配活动,learning_activity,P4,P4-T1,interactive_activity;matching_table,validation_planning;handoff_checking,把实施记录、参数依据、复测数据源和验证指标匹配起来。,复测验证交接清单,复测验证交接清单,planned,pending_teaching_validation,medium,reports/P4-T1详细能力节点主数据增量样表V0.3.4.csv,后续可转为交接材料匹配互动。
BV034-INC-P4T1-018,P4T1-N06,形成复测验证入口并交接P4-T2,P4T1-CASE02,优化后不能直接宣称成功边界卡,resource_card,P4,P4-T1,text_card;case_card,boundary_checking,阅读优化后仍需复测的边界说明，区分已实施和已达标。,复测验证交接清单,复测验证交接清单,planned,pending_editorial_review,medium,reports/P4-T1详细能力节点主数据增量样表V0.3.4.csv,防止把实施完成误写成优化成功。
BV035-INC-P4T3-001,P4T3-N01,明确报告对象与交付口径,P4T3-C01,报告交付情境卡,resource_card,P4,P4-T3,task_card;text_card,task_analysis;boundary_checking,阅读客户要求和任务情境，判断报告服务对象、报告类型和不能直接承诺的内容。,报告交付口径确认单,报告交付口径确认单,planned,pending_professional_review,medium,reports/P4-T3详细能力节点主数据增量样表V0.3.5.csv,情境卡用于启动报告任务，不提供对外承诺话术。
BV035-INC-P4T3-002,P4T3-N01,明确报告对象与交付口径,P4T3-W01,报告交付口径确认单,assessment_output,P4,P4-T3,worksheet;boundary_table,task_analysis;boundary_checking,填写交付对象、报告口径、证据范围、限制条件和待确认问题。,报告交付口径确认单,报告交付口径确认单,planned,pending_editorial_review,medium,reports/P4-T3详细能力节点主数据增量样表V0.3.5.csv,评价学生能否先明确报告边界而不是直接套模板。
BV035-INC-P4T3-003,P4T3-N01,明确报告对象与交付口径,P4T3-ACT01,报告类型判断活动,learning_activity,P4,P4-T3,classification_activity;scenario_card,report_type_identification,根据情境选择KPI指标优化类、测试指标优化类或案例分析类组织方式。,报告交付口径确认单,报告交付口径确认单,planned,pending_teaching_validation,medium,reports/P4-T3详细能力节点主数据增量样表V0.3.5.csv,后续可转为互动分类活动。
BV035-INC-P4T3-004,P4T3-N02,归集实施与验证证据,P4T3-C02,证据来源说明卡,resource_card,P4,P4-T3,text_card;evidence_table,evidence_classification,阅读实施记录、复测入口、验证结论和测试分析报告的来源说明。,报告证据链清单,报告证据链清单,planned,pending_professional_review,high,reports/P4-T3详细能力节点主数据增量样表V0.3.5.csv,用于防止把背景材料误当成报告依据。
BV035-INC-P4T3-005,P4T3-N02,归集实施与验证证据,P4T3-W02,报告证据链清单,assessment_output,P4,P4-T3,worksheet;evidence_table;evaluation_rubric,evidence_classification;data_source_checking,填写材料来源、能证明的结论、不能证明的边界和待补充证据。,报告证据链清单,报告证据链清单,planned,pending_professional_review,high,reports/P4-T3详细能力节点主数据增量样表V0.3.5.csv,评价学生能否把证据链组织清楚。
BV035-INC-P4T3-006,P4T3-N02,归集实施与验证证据,P4T3-ACT02,证据来源归类活动,learning_activity,P4,P4-T3,interactive_activity;table,evidence_classification,把不同材料拖入依据、背景、边界和待补充四类。,报告证据链清单,报告证据链清单,planned,pending_teaching_validation,medium,reports/P4-T3详细能力节点主数据增量样表V0.3.5.csv,后续可转为拖拽分类互动。
BV035-INC-P4T3-007,P4T3-N03,选择报告结构并组织材料,P4T3-C03,KPI类与测试指标类报告结构对照卡,resource_card,P4,P4-T3,report_template;comparison_table,report_structure_selection,对照两类报告结构，判断当前任务应优先采用哪种组织方式。,报告结构草稿,报告结构草稿,planned,pending_editorial_review,medium,reports/P4-T3详细能力节点主数据增量样表V0.3.5.csv,模板必须标注来源和适用边界。
BV035-INC-P4T3-008,P4T3-N03,选择报告结构并组织材料,P4T3-W03,报告结构草稿,assessment_output,P4,P4-T3,worksheet;outline_table,material_ordering,把问题概述、证据、措施、效果、案例和沟通要点排序，并说明每部分作用。,报告结构草稿,报告结构草稿,planned,pending_editorial_review,medium,reports/P4-T3详细能力节点主数据增量样表V0.3.5.csv,评价学生是否按证据逻辑组织材料，而不是只写标题。
BV035-INC-P4T3-009,P4T3-N03,选择报告结构并组织材料,P4T3-ACT03,材料排序活动,learning_activity,P4,P4-T3,interactive_activity;outline_card,material_ordering,将打散的报告材料按问题、依据、措施、结果和边界排序。,报告结构草稿,报告结构草稿,planned,pending_teaching_validation,medium,reports/P4-T3详细能力节点主数据增量样表V0.3.5.csv,后续可转为排序互动或卡片拼装活动。
BV035-INC-P4T3-010,P4T3-N04,对比指标并写出结论边界,P4T3-C04,覆盖方案对比表教学化资源,resource_card,P4,P4-T3,data_table;chart;explanation_card,comparison_analysis;metric_annotation,阅读覆盖方案对比表，标出总采样点、弱覆盖采样点和覆盖率变化各自能说明什么。,指标对比结论段,指标对比结论段,planned,pending_professional_review,high,reports/P4-T3详细能力节点主数据增量样表V0.3.5.csv,表4-3-2需要专业教师复核指标解释和适用边界。
BV035-INC-P4T3-011,P4T3-N04,对比指标并写出结论边界,P4T3-W04,指标对比结论段,assessment_output,P4,P4-T3,worksheet;rubric,comparison_analysis;conclusion_writing;boundary_checking,把过度结论改成判断、依据、边界和待确认问题组成的结论段。,指标对比结论段,指标对比结论段,planned,pending_professional_review,high,reports/P4-T3详细能力节点主数据增量样表V0.3.5.csv,评价学生是否区分改善、达标、劣化和未闭环。
BV035-INC-P4T3-012,P4T3-N04,对比指标并写出结论边界,P4T3-ACT04,结论边界改写活动,learning_activity,P4,P4-T3,interactive_activity;rubric,correction_revision;conclusion_writing,选择过度结论中的问题并改写为保留证据边界的职业表达。,指标对比结论段,指标对比结论段,planned,pending_teaching_validation,medium,reports/P4-T3详细能力节点主数据增量样表V0.3.5.csv,后续可转为句子改写互动。
BV035-INC-P4T3-013,P4T3-N05,编写典型案例分析段落,P4T3-C05,越区覆盖典型案例分析卡,resource_card,P4,P4-T3,case_card;data_table,case_analysis;evidence_classification,阅读问题描述、原因判断、优化方案和效果材料，补齐案例分析链条。,典型案例分析段,典型案例分析段,planned,pending_professional_review,high,reports/P4-T3详细能力节点主数据增量样表V0.3.5.csv,案例逻辑和适用边界必须专业复核。
BV035-INC-P4T3-014,P4T3-N05,编写典型案例分析段落,P4T3-W05,典型案例分析段,assessment_output,P4,P4-T3,worksheet;rubric,case_analysis;conclusion_writing,写出问题现象、原因判断、措施、效果证据、注意事项和适用边界。,典型案例分析段,典型案例分析段,planned,pending_professional_review,high,reports/P4-T3详细能力节点主数据增量样表V0.3.5.csv,评价学生能否讲清案例而不是只复制截图说明。
BV035-INC-P4T3-015,P4T3-N05,编写典型案例分析段落,P4T3-IMG01,原教材测试截图组image300-image301,media_asset_review,P4,P4-T3,screenshot;redrawn_image,media_review;case_analysis,对照重绘前后的测试示意，识别截图支持的证据和不能直接公开的信息。,典型案例分析段,典型案例分析段,planned,pending_media_review,high,reports/P4-T3详细能力节点主数据增量样表V0.3.5.csv,正式学生端不得裸用原测试截图，需脱敏、去真实站点化并教学化重绘。
BV035-INC-P4T3-016,P4T3-N05,编写典型案例分析段落,P4T3-ACT05,案例链条补全活动,learning_activity,P4,P4-T3,interactive_activity;case_card,case_analysis;evidence_classification,将问题、原因、措施、效果和注意事项补全到同一案例链条中。,典型案例分析段,典型案例分析段,planned,pending_teaching_validation,medium,reports/P4-T3详细能力节点主数据增量样表V0.3.5.csv,后续可转为流程链补全互动。
BV035-INC-P4T3-017,P4T3-N06,修订报告表达并准备客户沟通,P4T3-C06,职业表达修订量规,resource_card,P4,P4-T3,rubric;teacher_guide,correction_revision,对照量规检查结论是否有依据、边界、待确认问题和过度承诺。,优化报告输出样稿与沟通提纲,优化报告输出样稿与沟通提纲,planned,pending_editorial_review,high,reports/P4-T3详细能力节点主数据增量样表V0.3.5.csv,量规需教师可直接讲评，避免机械口号。
BV035-INC-P4T3-018,P4T3-N06,修订报告表达并准备客户沟通,P4T3-W06,优化报告输出样稿与沟通提纲,assessment_output,P4,P4-T3,report_template;worksheet;communication_outline,report_output;customer_communication;reflection_summary,提交报告样稿、沟通要点、待确认问题和删除的越权承诺记录。,优化报告输出样稿与沟通提纲,优化报告输出样稿与沟通提纲,planned,pending_editorial_review,high,reports/P4-T3详细能力节点主数据增量样表V0.3.5.csv,评价重点是证据链、结论边界、表达修订和沟通授权边界。
BV035-INC-P4T3-019,P4T3-N06,修订报告表达并准备客户沟通,P4T3-ACT06,客户沟通要点选择活动,learning_activity,P4,P4-T3,interactive_activity;communication_script,customer_communication;risk_checking,从候选话术中删去越权承诺，保留可说明内容和待确认问题。,优化报告输出样稿与沟通提纲,优化报告输出样稿与沟通提纲,planned,pending_teaching_validation,high,reports/P4-T3详细能力节点主数据增量样表V0.3.5.csv,后续可转为沟通话术风险判断活动。
BV036-INC-P3T2-001,P3T2-N01,明确监控任务与账号权限边界,P3T2-C01,运行监控任务情境卡,resource_card,P3,P3-T2,task_card;text_card,case_intro;task_analysis,阅读任务情境并判断本次监控需要查看哪些对象和数据。,监控任务与权限边界单,监控任务与权限边界单,planned,pending_professional_review,medium,reports/P3-T2详细能力节点主数据增量样表V0.3.6.csv,情境卡用于启动运行监控任务，不呈现真实账号信息。
BV036-INC-P3T2-002,P3T2-N01,明确监控任务与账号权限边界,P3T2-W01,权限边界判断表,worksheet,P3,P3-T2,boundary_table;worksheet,permission_boundary_checking,根据角色、操作集和管理资源判断可看、可做和不可做事项。,监控任务与权限边界单,监控任务与权限边界单,planned,pending_data_security_review,high,reports/P3-T2详细能力节点主数据增量样表V0.3.6.csv,表格必须使用教学模拟账号和脱敏字段。
BV036-INC-P3T2-003,P3T2-N01,明确监控任务与账号权限边界,P3T2-ACT01,权限边界判断活动,learning_activity,P3,P3-T2,interactive_activity,permission_boundary_checking,判断若权限不足或越权时应如何处理。,权限边界判断记录,监控任务与权限边界单,planned,pending_professional_review,high,reports/P3-T2详细能力节点主数据增量样表V0.3.6.csv,活动只训练边界判断，不训练真实后台账号操作。
BV036-INC-P3T2-004,P3T2-N02,筛选当前告警并判断优先级,P3T2-C02,告警级别与状态读法卡,resource_card,P3,P3-T2,knowledge_card;reference_card,alert_reading,读取告警级别、状态、对象和发生时间。,当前告警筛选记录,当前告警筛选记录,planned,pending_professional_review,high,reports/P3-T2详细能力节点主数据增量样表V0.3.6.csv,告警级别和优先级判断需专业教师确认。
BV036-INC-P3T2-005,P3T2-N02,筛选当前告警并判断优先级,P3T2-W02,当前告警筛选表,worksheet,P3,P3-T2,table;worksheet,alert_filtering;priority_judgement,从当前告警样例中筛出需要优先关注的告警。,当前告警筛选记录,当前告警筛选记录,planned,pending_professional_review,high,reports/P3-T2详细能力节点主数据增量样表V0.3.6.csv,表格使用教学化数据，不直接引用真实网管告警。
BV036-INC-P3T2-006,P3T2-N02,筛选当前告警并判断优先级,P3T2-ACT02,告警优先级筛选活动,learning_activity,P3,P3-T2,interactive_activity,priority_judgement,按级别、状态、影响范围和时间顺序排列告警优先级。,告警优先级排序记录,当前告警筛选记录,planned,pending_teaching_validation,medium,reports/P3-T2详细能力节点主数据增量样表V0.3.6.csv,后续可做拖拽排序或标注练习，避免只做选择题。
BV036-INC-P3T2-007,P3T2-N03,追溯历史告警与典型案例线索,P3T2-C03,历史告警追溯卡,resource_card,P3,P3-T2,timeline_card;knowledge_card,historical_alarm_tracing,比较当前告警和历史告警的时间、对象和重复情况。,历史告警追溯卡,历史告警追溯卡,planned,pending_professional_review,high,reports/P3-T2详细能力节点主数据增量样表V0.3.6.csv,追溯卡必须脱敏并保留日志数据安全边界。
BV036-INC-P3T2-008,P3T2-N03,追溯历史告警与典型案例线索,P3T2-CASE01,三类典型告警案例卡,resource_card,P3,P3-T2,case_card;comparison_table,case_comparison,将小区关断、光功率异常和GPS时钟异常作为教学案例线索进行比较。,典型告警线索归纳表,历史告警追溯卡,planned,pending_professional_review,high,reports/P3-T2详细能力节点主数据增量样表V0.3.6.csv,案例需脱敏、复核和教学化改写。
BV036-INC-P3T2-009,P3T2-N03,追溯历史告警与典型案例线索,P3T2-W03,历史告警追溯记录,worksheet,P3,P3-T2,worksheet;timeline_table,historical_alarm_tracing,填写告警是否持续、是否复现、是否需要升级分析。,历史告警追溯记录,历史告警追溯卡,planned,pending_data_security_review,high,reports/P3-T2详细能力节点主数据增量样表V0.3.6.csv,历史告警记录不得暴露真实站点、账号、IP或组织信息。
BV036-INC-P3T2-010,P3T2-N04,创建或选择性能指标查询模板,P3T2-C04,性能指标类别与用途速查卡,resource_card,P3,P3-T2,reference_card;table,indicator_category_reading,根据监控问题选择接入、保持、移动性、资源或可用类指标。,性能指标查询配置单,性能指标查询配置单,planned,pending_professional_review,high,reports/P3-T2详细能力节点主数据增量样表V0.3.6.csv,指标类别和用途需结合教材来源及专业复核说明。
BV036-INC-P3T2-011,P3T2-N04,创建或选择性能指标查询模板,P3T2-W04,性能指标查询配置单,worksheet,P3,P3-T2,configuration_form;worksheet,indicator_template_selection;scope_setting,填写查询对象、时间范围、统计粒度和指标类别。,性能指标查询配置单,性能指标查询配置单,planned,pending_professional_review,high,reports/P3-T2详细能力节点主数据增量样表V0.3.6.csv,不得把教材指标范围写成通用行业标准。
BV036-INC-P3T2-012,P3T2-N04,创建或选择性能指标查询模板,P3T2-ACT04,指标模板选择活动,learning_activity,P3,P3-T2,interactive_activity,indicator_template_selection,从多个监控任务中选择合适的指标模板和粒度。,指标模板选择记录,性能指标查询配置单,planned,pending_teaching_validation,medium,reports/P3-T2详细能力节点主数据增量样表V0.3.6.csv,后续可做条件筛选式互动，不建议只做单选题。
BV036-INC-P3T2-013,P3T2-N05,查询指标并识别异常变化,P3T2-D01,教学化指标查询数据表,dataset,P3,P3-T2,data_table;simulated_dashboard,indicator_reading;anomaly_identification,读取教学化指标表并标注异常小区、异常时段和变化方向。,指标异常识别表,指标异常识别表,planned,pending_professional_review,high,reports/P3-T2详细能力节点主数据增量样表V0.3.6.csv,数据必须标注为教学模拟或教材改写，不得伪装为真实网管数据。
BV036-INC-P3T2-014,P3T2-N05,查询指标并识别异常变化,P3T2-W05,指标异常识别表,worksheet,P3,P3-T2,worksheet;analysis_table,anomaly_identification;boundary_explanation,说明哪些指标异常、哪些结论不能直接推出。,指标异常识别表,指标异常识别表,planned,pending_professional_review,high,reports/P3-T2详细能力节点主数据增量样表V0.3.6.csv,评价重点是判断依据和边界说明，不是只看截图提交。
BV036-INC-P3T2-015,P3T2-N05,查询指标并识别异常变化,P3T2-ACT05,TOP异常标注活动,learning_activity,P3,P3-T2,interactive_activity,anomaly_labeling,在指标表中标注TOP异常并解释排序依据。,TOP异常标注记录,指标异常识别表,planned,pending_teaching_validation,medium,reports/P3-T2详细能力节点主数据增量样表V0.3.6.csv,后续可转化为表格标注或趋势线判断互动。
BV036-INC-P3T2-016,P3T2-N06,结合日志形成监控结论与后续入口,P3T2-C06,日志类型与追溯边界卡,resource_card,P3,P3-T2,knowledge_card;boundary_card,log_tracing,区分操作日志、安全日志和系统日志，并说明可追溯和不可暴露的信息。,日志追溯边界记录,运行监控结论与分流建议单,planned,pending_data_security_review,high,reports/P3-T2详细能力节点主数据增量样表V0.3.6.csv,日志材料涉及账号、操作记录和安全信息，需数据安全审查。
BV036-INC-P3T2-017,P3T2-N06,结合日志形成监控结论与后续入口,P3T2-W06,运行监控结论与分流建议单,worksheet,P3,P3-T2,worksheet;decision_table,monitoring_conclusion;task_branching,综合告警、指标和日志证据，判断下一步进入参数检查、优化实施、性能验证或信令复盘。,运行监控结论与分流建议单,运行监控结论与分流建议单,planned,pending_professional_review,high,reports/P3-T2详细能力节点主数据增量样表V0.3.6.csv,分流结论必须接受专业复核。
BV036-INC-P3T2-018,P3T2-N06,结合日志形成监控结论与后续入口,P3T2-ACT06,分流判断活动,learning_activity,P3,P3-T2,branching_activity;interactive_activity,task_branching,根据证据选择进入参数检查、参数设置、优化实施、持续验证或信令复盘。,分流判断记录,运行监控结论与分流建议单,planned,pending_teaching_validation,medium,reports/P3-T2详细能力节点主数据增量样表V0.3.6.csv,活动应训练证据链和理由，不宜只做简单选择。
BV036-INC-P3T2-019,P3T2-N06,结合日志形成监控结论与后续入口,P3T2-MEDIA01,软件截图媒体审查清单,media_review_object,P3,P3-T2,media_review_list;screenshot_inventory,media_review,逐张判断原教材网管截图应保留、重绘、替换、删除或仅内部分析。,媒体处理建议表,软件截图媒体审查清单,planned,pending_media_review,high,reports/P3-T2详细能力节点主数据增量样表V0.3.6.csv,image122.png至image145.png等截图不得默认进入正式学生端。
BV037-INC-P3T4-001,P3T4-N01,明确参数设置任务与变更依据,P3T4-C01,参数设置任务情境卡,resource_card,P3,P3-T4,task_card;text_card,case_intro;change_basis_judgement,阅读监控结论、参数异常清单或案例线索，判断是否进入参数设置。,参数设置任务与变更依据单,参数设置任务与变更依据单,planned,pending_professional_review,medium,reports/P3-T4详细能力节点主数据增量样表V0.3.7.csv,情境卡用于启动参数设置任务，不作为真实生产变更授权。
BV037-INC-P3T4-002,P3T4-N01,明确参数设置任务与变更依据,P3T4-W01,变更依据判断表,worksheet,P3,P3-T4,boundary_table;worksheet,authorization_boundary_checking,根据依据来源判断是否可以进入教学仿真参数设置。,参数设置任务与变更依据单,参数设置任务与变更依据单,planned,pending_data_security_review,high,reports/P3-T4详细能力节点主数据增量样表V0.3.7.csv,表格必须区分教学仿真和真实网管边界。
BV037-INC-P3T4-003,P3T4-N01,明确参数设置任务与变更依据,P3T4-ACT01,授权边界判断活动,learning_activity,P3,P3-T4,interactive_activity,authorization_boundary_checking,判断权限不足、依据不足或真实网管场景下应如何处理。,授权边界判断记录,参数设置任务与变更依据单,planned,pending_professional_review,high,reports/P3-T4详细能力节点主数据增量样表V0.3.7.csv,活动只训练边界判断，不训练真实参数下发。
BV037-INC-P3T4-004,P3T4-N02,识别参数对象与影响范围,P3T4-C02,参数对象与影响范围卡,resource_card,P3,P3-T4,knowledge_card;parameter_table,parameter_object_classification,阅读波束、邻区、锚点和门限参数说明并分类。,参数对象与影响边界表,参数对象与影响边界表,planned,pending_professional_review,high,reports/P3-T4详细能力节点主数据增量样表V0.3.7.csv,参数含义和适用范围必须专业复核。
BV037-INC-P3T4-005,P3T4-N02,识别参数对象与影响范围,P3T4-W02,参数影响边界表,worksheet,P3,P3-T4,worksheet;boundary_table,impact_boundary_marking,标出参数可能影响覆盖、移动性、接入、保持或复测口径。,参数对象与影响边界表,参数对象与影响边界表,planned,pending_professional_review,high,reports/P3-T4详细能力节点主数据增量样表V0.3.7.csv,不得把教材参数取值写成通用行业标准。
BV037-INC-P3T4-006,P3T4-N02,识别参数对象与影响范围,P3T4-ACT02,参数对象归类活动,learning_activity,P3,P3-T4,interactive_activity,parameter_object_classification,将案例中的A2门限、邻区关系、QCI和锚点参数归入对应对象类型。,参数对象归类记录,参数对象与影响边界表,planned,pending_professional_review,medium,reports/P3-T4详细能力节点主数据增量样表V0.3.7.csv,NSA和QCI相关场景需判断教学适用性。
BV037-INC-P3T4-007,P3T4-N03,制定邻区添加、删除或调整方案,P3T4-C03,邻区添加删除原则卡,resource_card,P3,P3-T4,principle_card;text_card,neighbor_plan_selection,阅读邻区配置原则并判断添加、删除或调整的适用条件。,邻区调整方案卡,邻区调整方案卡,planned,pending_professional_review,high,reports/P3-T4详细能力节点主数据增量样表V0.3.7.csv,邻区配置原则不能脱离场景机械套用。
BV037-INC-P3T4-008,P3T4-N03,制定邻区添加、删除或调整方案,P3T4-W03,邻区调整方案工作单,worksheet,P3,P3-T4,worksheet;scenario_table,reasoning_chain_completion,根据参数检查结果填写邻区添加、删除或调整方案及依据。,邻区调整方案卡,邻区调整方案卡,planned,pending_professional_review,high,reports/P3-T4详细能力节点主数据增量样表V0.3.7.csv,方案需保留专业复核和误操作风险。
BV037-INC-P3T4-009,P3T4-N03,制定邻区添加、删除或调整方案,P3T4-ACT03,邻区方案选择活动,learning_activity,P3,P3-T4,interactive_activity,neighbor_plan_selection,在多个邻区场景中选择添加、删除或调整并说明理由。,邻区方案选择记录,邻区调整方案卡,planned,pending_professional_review,medium,reports/P3-T4详细能力节点主数据增量样表V0.3.7.csv,活动使用教学模拟场景，不使用真实站点数据。
BV037-INC-P3T4-010,P3T4-N04,完成教学仿真参数设置并记录证据,P3T4-C04,教学仿真参数设置流程图,resource_card,P3,P3-T4,flow_card;simulation_screen,simulation_operation,按照教学仿真流程完成参数修改或邻区操作记录。,参数设置操作记录,参数设置操作记录,planned,pending_media_review,high,reports/P3-T4详细能力节点主数据增量样表V0.3.7.csv,流程图应重绘，不能裸用真实网管截图。
BV037-INC-P3T4-011,P3T4-N04,完成教学仿真参数设置并记录证据,P3T4-W04,参数设置操作记录模板,worksheet,P3,P3-T4,operation_record;worksheet,operation_evidence_recording,记录设置对象、设置前值、设置后值、操作证据和仿真边界。,参数设置操作记录,参数设置操作记录,planned,pending_data_security_review,high,reports/P3-T4详细能力节点主数据增量样表V0.3.7.csv,记录模板不得包含真实账号、站点、IP或生产参数。
BV037-INC-P3T4-012,P3T4-N04,完成教学仿真参数设置并记录证据,P3T4-M01,网管截图媒体审查清单,media_asset_review,P3,P3-T4,media_review_list;tool_screenshot,media_review,逐张标注P3-T4截图保留、重绘、替换、删除或仅内部分析。,媒体审查标注记录,参数设置操作记录,planned,pending_media_review,high,reports/P3-T4详细能力节点主数据增量样表V0.3.7.csv,image180至image197必须审查后才能进入正式教材资源。
BV037-INC-P3T4-013,P3T4-N05,核查设置结果、风险与回退条件,P3T4-C05,设置风险与回退条件卡,resource_card,P3,P3-T4,risk_card;case_card,result_checking;rollback_condition_judgement,阅读设置结果和案例线索，判断是否需要回退、复查或复测。,设置结果核查与回退条件单,设置结果核查与回退条件单,planned,pending_professional_review,high,reports/P3-T4详细能力节点主数据增量样表V0.3.7.csv,设置成功不等于优化成功。
BV037-INC-P3T4-014,P3T4-N05,核查设置结果、风险与回退条件,P3T4-W05,设置结果核查工作单,worksheet,P3,P3-T4,worksheet;comparison_table,result_checking,对比设置前后状态并标注异常、风险、回退条件和复测要求。,设置结果核查与回退条件单,设置结果核查与回退条件单,planned,pending_professional_review,high,reports/P3-T4详细能力节点主数据增量样表V0.3.7.csv,参数结果和回退条件需专业复核。
BV037-INC-P3T4-015,P3T4-N05,核查设置结果、风险与回退条件,P3T4-ACT05,回退条件判断活动,learning_activity,P3,P3-T4,interactive_activity,rollback_condition_judgement,在案例中判断保留设置、回退、复查或转入信令复盘。,回退条件判断记录,设置结果核查与回退条件单,planned,pending_professional_review,medium,reports/P3-T4详细能力节点主数据增量样表V0.3.7.csv,活动不能把教学案例结论写成现场处置规程。
BV037-INC-P3T4-016,P3T4-N06,形成参数变更记录并衔接复测,P3T4-C06,参数变更记录模板,resource_card,P3,P3-T4,template;handover_checklist,change_recording,整理变更依据、操作证据、核查结果和复测要求。,参数变更记录与复测交接单,参数变更记录与复测交接单,planned,pending_editorial_review,high,reports/P3-T4详细能力节点主数据增量样表V0.3.7.csv,记录模板需避免对外发布口径和责任边界不清。
BV037-INC-P3T4-017,P3T4-N06,形成参数变更记录并衔接复测,P3T4-W06,复测交接检查单,worksheet,P3,P3-T4,worksheet;handover_checklist,retest_handover_routing,选择进入P4-T1、P4-T2、P5-T3或P6-T2的后续路径并说明依据。,参数变更记录与复测交接单,参数变更记录与复测交接单,planned,pending_professional_review,high,reports/P3-T4详细能力节点主数据增量样表V0.3.7.csv,复测路径和交接口径需专业复核。
BV037-INC-P3T4-018,P3T4-N06,形成参数变更记录并衔接复测,P3T4-ACT06,后续路径选择活动,learning_activity,P3,P3-T4,interactive_activity,retest_handover_routing,根据设置结果判断进入验证、持续观察或信令复盘。,后续路径选择记录,参数变更记录与复测交接单,planned,pending_professional_review,medium,reports/P3-T4详细能力节点主数据增量样表V0.3.7.csv,活动用于训练分流判断，不替代专业诊断。
BV038-INC-P6T1-001,P6T1-N01,明确信令流程学习任务与4G/5G关键差异,P6T1-C01,4G/5G差异对照表,resource_card,P6,P6-T1,table;concept_card,evidence_classification,对照4G/5G注册、连接、业务、切换、位置更新、寻呼差异，判断本任务关注的5G流程。,信令差异对照卡,信令差异对照卡,planned,pending_professional_media_review,medium,reports/P6-T1基于V0.3.8主数据补拆验证实施计划.md,计划挂接对象，尚未生产正式资源；需专业复核、媒体治理和学生正文审查。
BV038-INC-P6T1-002,P6T1-N01,明确信令流程学习任务与4G/5G关键差异,P6T1-W01,信令差异对照卡工作单,worksheet,P6,P6-T1,worksheet,evidence_classification,对照4G/5G注册、连接、业务、切换、位置更新、寻呼差异，判断本任务关注的5G流程。,信令差异对照卡,信令差异对照卡,planned,pending_professional_media_review,medium,reports/P6-T1基于V0.3.8主数据补拆验证实施计划.md,计划挂接对象，尚未生产正式资源；需专业复核、媒体治理和学生正文审查。
BV038-INC-P6T1-003,P6T1-N01,明确信令流程学习任务与4G/5G关键差异,P6T1-A01,信令差异对照卡评价量规,assessment,P6,P6-T1,rubric,assessment,对照4G/5G注册、连接、业务、切换、位置更新、寻呼差异，判断本任务关注的5G流程。,信令差异对照卡,信令差异对照卡,planned,pending_professional_media_review,medium,reports/P6-T1基于V0.3.8主数据补拆验证实施计划.md,计划挂接对象，尚未生产正式资源；需专业复核、媒体治理和学生正文审查。
BV038-INC-P6T1-004,P6T1-N02,建立5G SA注册流程框架,P6T1-C02,注册流程重绘图,resource_card,P6,P6-T1,redrawn_image;process_card,process_ordering,按同步、随机接入、RRC建立、AMF选择、鉴权、安全、注册接受、注册完成梳理注册流程。,注册流程顺序图,注册流程顺序图,planned,pending_professional_media_review,high,reports/P6-T1基于V0.3.8主数据补拆验证实施计划.md,计划挂接对象，尚未生产正式资源；需专业复核、媒体治理和学生正文审查。
BV038-INC-P6T1-005,P6T1-N02,建立5G SA注册流程框架,P6T1-W02,注册流程顺序图工作单,worksheet,P6,P6-T1,worksheet,process_ordering,按同步、随机接入、RRC建立、AMF选择、鉴权、安全、注册接受、注册完成梳理注册流程。,注册流程顺序图,注册流程顺序图,planned,pending_professional_media_review,high,reports/P6-T1基于V0.3.8主数据补拆验证实施计划.md,计划挂接对象，尚未生产正式资源；需专业复核、媒体治理和学生正文审查。
BV038-INC-P6T1-006,P6T1-N02,建立5G SA注册流程框架,P6T1-A02,注册流程顺序图评价量规,assessment,P6,P6-T1,rubric,assessment,按同步、随机接入、RRC建立、AMF选择、鉴权、安全、注册接受、注册完成梳理注册流程。,注册流程顺序图,注册流程顺序图,planned,pending_professional_media_review,high,reports/P6-T1基于V0.3.8主数据补拆验证实施计划.md,计划挂接对象，尚未生产正式资源；需专业复核、媒体治理和学生正文审查。
BV038-INC-P6T1-007,P6T1-N03,识读注册关键消息与核心字段,P6T1-C03,注册消息字段标注图,resource_card,P6,P6-T1,annotated_image;worksheet,field_annotation,在Registration request、RRCSetupRequest、RRCSetupComplete、Registration accept中标出身份、原因、PLMN、GUAMI、NSSAI、5G-GUTI等关键字段。,注册消息字段标注单,注册消息字段标注单,planned,pending_professional_media_review,high,reports/P6-T1基于V0.3.8主数据补拆验证实施计划.md,计划挂接对象，尚未生产正式资源；需专业复核、媒体治理和学生正文审查。
BV038-INC-P6T1-008,P6T1-N03,识读注册关键消息与核心字段,P6T1-W03,注册消息字段标注单工作单,worksheet,P6,P6-T1,worksheet,field_annotation,在Registration request、RRCSetupRequest、RRCSetupComplete、Registration accept中标出身份、原因、PLMN、GUAMI、NSSAI、5G-GUTI等关键字段。,注册消息字段标注单,注册消息字段标注单,planned,pending_professional_media_review,high,reports/P6-T1基于V0.3.8主数据补拆验证实施计划.md,计划挂接对象，尚未生产正式资源；需专业复核、媒体治理和学生正文审查。
BV038-INC-P6T1-009,P6T1-N03,识读注册关键消息与核心字段,P6T1-A03,注册消息字段标注单评价量规,assessment,P6,P6-T1,rubric,assessment,在Registration request、RRCSetupRequest、RRCSetupComplete、Registration accept中标出身份、原因、PLMN、GUAMI、NSSAI、5G-GUTI等关键字段。,注册消息字段标注单,注册消息字段标注单,planned,pending_professional_media_review,high,reports/P6-T1基于V0.3.8主数据补拆验证实施计划.md,计划挂接对象，尚未生产正式资源；需专业复核、媒体治理和学生正文审查。
BV038-INC-P6T1-010,P6T1-N04,建立PDU会话建立流程与用户面开通路径,P6T1-C04,PDU会话流程重绘图,resource_card,P6,P6-T1,redrawn_image;process_card,process_completion,梳理PDU session request、UPLINK NAS TRANSPORT、INITIAL CONTEXT SETUP、RRCReconfiguration、UPF更新等步骤。,PDU会话流程卡,PDU会话流程卡,planned,pending_professional_media_review,high,reports/P6-T1基于V0.3.8主数据补拆验证实施计划.md,计划挂接对象，尚未生产正式资源；需专业复核、媒体治理和学生正文审查。
BV038-INC-P6T1-011,P6T1-N04,建立PDU会话建立流程与用户面开通路径,P6T1-W04,PDU会话流程卡工作单,worksheet,P6,P6-T1,worksheet,process_completion,梳理PDU session request、UPLINK NAS TRANSPORT、INITIAL CONTEXT SETUP、RRCReconfiguration、UPF更新等步骤。,PDU会话流程卡,PDU会话流程卡,planned,pending_professional_media_review,high,reports/P6-T1基于V0.3.8主数据补拆验证实施计划.md,计划挂接对象，尚未生产正式资源；需专业复核、媒体治理和学生正文审查。
BV038-INC-P6T1-012,P6T1-N04,建立PDU会话建立流程与用户面开通路径,P6T1-A04,PDU会话流程卡评价量规,assessment,P6,P6-T1,rubric,assessment,梳理PDU session request、UPLINK NAS TRANSPORT、INITIAL CONTEXT SETUP、RRCReconfiguration、UPF更新等步骤。,PDU会话流程卡,PDU会话流程卡,planned,pending_professional_media_review,high,reports/P6-T1基于V0.3.8主数据补拆验证实施计划.md,计划挂接对象，尚未生产正式资源；需专业复核、媒体治理和学生正文审查。
BV038-INC-P6T1-013,P6T1-N05,识读MIB/SIB1系统消息与驻留入口,P6T1-C05,MIB/SIB1系统消息字段卡,resource_card,P6,P6-T1,annotated_image;concept_card;worksheet,field_matching,标出MIB、SIB1中与接入、驻留、SI调度、接入限制相关的信息。,系统消息识读记录,系统消息识读记录,planned,pending_professional_media_review,high,reports/P6-T1基于V0.3.8主数据补拆验证实施计划.md,计划挂接对象，尚未生产正式资源；需专业复核、媒体治理和学生正文审查。
BV038-INC-P6T1-014,P6T1-N05,识读MIB/SIB1系统消息与驻留入口,P6T1-W05,系统消息识读记录工作单,worksheet,P6,P6-T1,worksheet,field_matching,标出MIB、SIB1中与接入、驻留、SI调度、接入限制相关的信息。,系统消息识读记录,系统消息识读记录,planned,pending_professional_media_review,high,reports/P6-T1基于V0.3.8主数据补拆验证实施计划.md,计划挂接对象，尚未生产正式资源；需专业复核、媒体治理和学生正文审查。
BV038-INC-P6T1-015,P6T1-N05,识读MIB/SIB1系统消息与驻留入口,P6T1-A05,系统消息识读记录评价量规,assessment,P6,P6-T1,rubric,assessment,标出MIB、SIB1中与接入、驻留、SI调度、接入限制相关的信息。,系统消息识读记录,系统消息识读记录,planned,pending_professional_media_review,high,reports/P6-T1基于V0.3.8主数据补拆验证实施计划.md,计划挂接对象，尚未生产正式资源；需专业复核、媒体治理和学生正文审查。
BV038-INC-P6T1-016,P6T1-N06,判断RRCReconfiguration在不同场景中的作用,P6T1-C06,RRC重配场景卡,resource_card,P6,P6-T1,annotated_image;scenario_card,scenario_matching,区分RRCReconfiguration用于承载配置、测量控制、切换命令、NAS透传等不同场景。,RRC重配场景判断表,RRC重配场景判断表,planned,pending_professional_media_review,high,reports/P6-T1基于V0.3.8主数据补拆验证实施计划.md,计划挂接对象，尚未生产正式资源；需专业复核、媒体治理和学生正文审查。
BV038-INC-P6T1-017,P6T1-N06,判断RRCReconfiguration在不同场景中的作用,P6T1-W06,RRC重配场景判断表工作单,worksheet,P6,P6-T1,worksheet,scenario_matching,区分RRCReconfiguration用于承载配置、测量控制、切换命令、NAS透传等不同场景。,RRC重配场景判断表,RRC重配场景判断表,planned,pending_professional_media_review,high,reports/P6-T1基于V0.3.8主数据补拆验证实施计划.md,计划挂接对象，尚未生产正式资源；需专业复核、媒体治理和学生正文审查。
BV038-INC-P6T1-018,P6T1-N06,判断RRCReconfiguration在不同场景中的作用,P6T1-A06,RRC重配场景判断表评价量规,assessment,P6,P6-T1,rubric,assessment,区分RRCReconfiguration用于承载配置、测量控制、切换命令、NAS透传等不同场景。,RRC重配场景判断表,RRC重配场景判断表,planned,pending_professional_media_review,high,reports/P6-T1基于V0.3.8主数据补拆验证实施计划.md,计划挂接对象，尚未生产正式资源；需专业复核、媒体治理和学生正文审查。
BV038-INC-P6T1-019,P6T1-N07,使用信令分析界面定位证据入口,P6T1-C07,教学化工具界面图,resource_card,P6,P6-T1,redrawn_image;worksheet,evidence_location,在地图、关键信令、邻区、无线参数、吞吐率窗口中找到对应证据入口，并说明每个窗口能说明什么、不能说明什么。,信令工具证据定位单,信令工具证据定位单,planned,pending_professional_media_review,high,reports/P6-T1基于V0.3.8主数据补拆验证实施计划.md,计划挂接对象，尚未生产正式资源；需专业复核、媒体治理和学生正文审查。
BV038-INC-P6T1-020,P6T1-N07,使用信令分析界面定位证据入口,P6T1-W07,信令工具证据定位单工作单,worksheet,P6,P6-T1,worksheet,evidence_location,在地图、关键信令、邻区、无线参数、吞吐率窗口中找到对应证据入口，并说明每个窗口能说明什么、不能说明什么。,信令工具证据定位单,信令工具证据定位单,planned,pending_professional_media_review,high,reports/P6-T1基于V0.3.8主数据补拆验证实施计划.md,计划挂接对象，尚未生产正式资源；需专业复核、媒体治理和学生正文审查。
BV038-INC-P6T1-021,P6T1-N07,使用信令分析界面定位证据入口,P6T1-A07,信令工具证据定位单评价量规,assessment,P6,P6-T1,rubric,assessment,在地图、关键信令、邻区、无线参数、吞吐率窗口中找到对应证据入口，并说明每个窗口能说明什么、不能说明什么。,信令工具证据定位单,信令工具证据定位单,planned,pending_professional_media_review,high,reports/P6-T1基于V0.3.8主数据补拆验证实施计划.md,计划挂接对象，尚未生产正式资源；需专业复核、媒体治理和学生正文审查。
BV038-INC-P6T1-022,P6T1-N08,分析5G重选到4G案例并连接复杂复盘,P6T1-C08,5G重选到4G案例链,resource_card,P6,P6-T1,simulation_case;redrawn_image;worksheet,evidence_chain,对照SIB3/SIB4/SIB5配置，判断为什么5G信号良好仍重选到4G，并说明后续如何进入P6-T2复盘。,重选问题证据链,重选问题证据链,planned,pending_professional_media_review,high,reports/P6-T1基于V0.3.8主数据补拆验证实施计划.md,计划挂接对象，尚未生产正式资源；需专业复核、媒体治理和学生正文审查。
BV038-INC-P6T1-023,P6T1-N08,分析5G重选到4G案例并连接复杂复盘,P6T1-W08,重选问题证据链工作单,worksheet,P6,P6-T1,worksheet,evidence_chain,对照SIB3/SIB4/SIB5配置，判断为什么5G信号良好仍重选到4G，并说明后续如何进入P6-T2复盘。,重选问题证据链,重选问题证据链,planned,pending_professional_media_review,high,reports/P6-T1基于V0.3.8主数据补拆验证实施计划.md,计划挂接对象，尚未生产正式资源；需专业复核、媒体治理和学生正文审查。
BV038-INC-P6T1-024,P6T1-N08,分析5G重选到4G案例并连接复杂复盘,P6T1-A08,重选问题证据链评价量规,assessment,P6,P6-T1,rubric,assessment,对照SIB3/SIB4/SIB5配置，判断为什么5G信号良好仍重选到4G，并说明后续如何进入P6-T2复盘。,重选问题证据链,重选问题证据链,planned,pending_professional_media_review,high,reports/P6-T1基于V0.3.8主数据补拆验证实施计划.md,计划挂接对象，尚未生产正式资源；需专业复核、媒体治理和学生正文审查。
BV039-INC-P5T1-001,P5T1-N01,明确全网性能指标采集任务与服务质量问题,P5T1-C01,全网性能指标采集任务情境卡,resource_card,P5,P5-T1,task_card;case_intro,case_intro;task_definition,阅读任务情境，判断本次采集要回答的服务质量问题，并填写采集任务单。,全网指标采集任务单,全网指标采集任务单,planned,pending_professional_media_review,medium,reports/P5-T1基于V0.3.9主数据补拆验证实施计划.md,计划挂接对象，尚未生产正式资源；需专业复核、媒体治理、学生正文审查和平台验证。
BV039-INC-P5T1-002,P5T1-N01,明确全网性能指标采集任务与服务质量问题,P5T1-W01,全网指标采集任务单,worksheet,P5,P5-T1,task_definition,case_intro;task_definition,阅读任务情境，判断本次采集要回答的服务质量问题，并填写采集任务单。,全网指标采集任务单,全网指标采集任务单,planned,pending_professional_media_review,medium,reports/P5-T1基于V0.3.9主数据补拆验证实施计划.md,计划挂接对象，尚未生产正式资源；需专业复核、媒体治理、学生正文审查和平台验证。
BV039-INC-P5T1-003,P5T1-N01,明确全网性能指标采集任务与服务质量问题,全网指标采集任务单,全网指标采集任务单,assessment_output,P5,P5-T1,task_card;worksheet,case_intro;task_definition,阅读任务情境，判断本次采集要回答的服务质量问题，并填写采集任务单。,全网指标采集任务单,全网指标采集任务单,planned,pending_professional_media_review,medium,reports/P5-T1基于V0.3.9主数据补拆验证实施计划.md,评价产出为候选结构，尚未进入正式教学验证。
BV039-INC-P5T1-004,P5T1-N02,区分KPI/PI、指标口径与统计周期,P5T1-C02,KPI/PI与指标口径说明卡,resource_card,P5,P5-T1,concept_card;table,metric_annotation;data_source_selection,把指标名称、公式、统计周期、区域范围和数据源分开记录。,指标口径说明表,指标口径说明表,planned,pending_professional_media_review,high,reports/P5-T1基于V0.3.9主数据补拆验证实施计划.md,计划挂接对象，尚未生产正式资源；需专业复核、媒体治理、学生正文审查和平台验证。
BV039-INC-P5T1-005,P5T1-N02,区分KPI/PI、指标口径与统计周期,P5T1-W02,指标口径说明表,worksheet,P5,P5-T1,metric_annotation,metric_annotation;data_source_selection,把指标名称、公式、统计周期、区域范围和数据源分开记录。,指标口径说明表,指标口径说明表,planned,pending_professional_media_review,high,reports/P5-T1基于V0.3.9主数据补拆验证实施计划.md,计划挂接对象，尚未生产正式资源；需专业复核、媒体治理、学生正文审查和平台验证。
BV039-INC-P5T1-006,P5T1-N02,区分KPI/PI、指标口径与统计周期,指标口径说明表,指标口径说明表,assessment_output,P5,P5-T1,concept_card;table;worksheet,metric_annotation;data_source_selection,把指标名称、公式、统计周期、区域范围和数据源分开记录。,指标口径说明表,指标口径说明表,planned,pending_professional_media_review,high,reports/P5-T1基于V0.3.9主数据补拆验证实施计划.md,评价产出为候选结构，尚未进入正式教学验证。
BV039-INC-P5T1-007,P5T1-N03,采集接入类指标并核对关键计数器,P5T1-C03,接入类指标采集卡,resource_card,P5,P5-T1,metric_table,metric_collection;counter_checking,提取接入类指标，核对口径、时间窗和计数器来源。,接入类指标采集记录,接入类指标采集记录,planned,pending_professional_media_review,high,reports/P5-T1基于V0.3.9主数据补拆验证实施计划.md,计划挂接对象，尚未生产正式资源；需专业复核、媒体治理、学生正文审查和平台验证。
BV039-INC-P5T1-008,P5T1-N03,采集接入类指标并核对关键计数器,P5T1-W03,接入类指标采集记录,worksheet,P5,P5-T1,metric_collection,metric_collection;counter_checking,提取接入类指标，核对口径、时间窗和计数器来源。,接入类指标采集记录,接入类指标采集记录,planned,pending_professional_media_review,high,reports/P5-T1基于V0.3.9主数据补拆验证实施计划.md,计划挂接对象，尚未生产正式资源；需专业复核、媒体治理、学生正文审查和平台验证。
BV039-INC-P5T1-009,P5T1-N03,采集接入类指标并核对关键计数器,接入类指标采集记录,接入类指标采集记录,assessment_output,P5,P5-T1,metric_table;worksheet,metric_collection;counter_checking,提取接入类指标，核对口径、时间窗和计数器来源。,接入类指标采集记录,接入类指标采集记录,planned,pending_professional_media_review,high,reports/P5-T1基于V0.3.9主数据补拆验证实施计划.md,评价产出为候选结构，尚未进入正式教学验证。
BV039-INC-P5T1-010,P5T1-N04,采集保持性与移动性指标,P5T1-C04,保持性与移动性指标采集卡,resource_card,P5,P5-T1,metric_table,metric_collection;comparison_analysis,提取保持性与移动性指标，记录指标口径、数据源和异常提示。,保持/移动性指标采集记录,保持/移动性指标采集记录,planned,pending_professional_media_review,high,reports/P5-T1基于V0.3.9主数据补拆验证实施计划.md,计划挂接对象，尚未生产正式资源；需专业复核、媒体治理、学生正文审查和平台验证。
BV039-INC-P5T1-011,P5T1-N04,采集保持性与移动性指标,P5T1-W04,保持/移动性指标采集记录,worksheet,P5,P5-T1,metric_collection,metric_collection;comparison_analysis,提取保持性与移动性指标，记录指标口径、数据源和异常提示。,保持/移动性指标采集记录,保持/移动性指标采集记录,planned,pending_professional_media_review,high,reports/P5-T1基于V0.3.9主数据补拆验证实施计划.md,计划挂接对象，尚未生产正式资源；需专业复核、媒体治理、学生正文审查和平台验证。
BV039-INC-P5T1-012,P5T1-N04,采集保持性与移动性指标,保持/移动性指标采集记录,保持/移动性指标采集记录,assessment_output,P5,P5-T1,metric_table;worksheet,metric_collection;comparison_analysis,提取保持性与移动性指标，记录指标口径、数据源和异常提示。,保持/移动性指标采集记录,保持/移动性指标采集记录,planned,pending_professional_media_review,high,reports/P5-T1基于V0.3.9主数据补拆验证实施计划.md,评价产出为候选结构，尚未进入正式教学验证。
BV039-INC-P5T1-013,P5T1-N05,采集资源类与可用类指标,P5T1-C05,资源与可用类指标采集卡,resource_card,P5,P5-T1,metric_table,metric_collection;data_reading,提取资源类与可用类指标，记录口径、单位和采集证据。,资源/可用类指标采集记录,资源/可用类指标采集记录,planned,pending_professional_media_review,high,reports/P5-T1基于V0.3.9主数据补拆验证实施计划.md,计划挂接对象，尚未生产正式资源；需专业复核、媒体治理、学生正文审查和平台验证。
BV039-INC-P5T1-014,P5T1-N05,采集资源类与可用类指标,P5T1-W05,资源/可用类指标采集记录,worksheet,P5,P5-T1,data_reading,metric_collection;data_reading,提取资源类与可用类指标，记录口径、单位和采集证据。,资源/可用类指标采集记录,资源/可用类指标采集记录,planned,pending_professional_media_review,high,reports/P5-T1基于V0.3.9主数据补拆验证实施计划.md,计划挂接对象，尚未生产正式资源；需专业复核、媒体治理、学生正文审查和平台验证。
BV039-INC-P5T1-015,P5T1-N05,采集资源类与可用类指标,资源/可用类指标采集记录,资源/可用类指标采集记录,assessment_output,P5,P5-T1,metric_table;worksheet,metric_collection;data_reading,提取资源类与可用类指标，记录口径、单位和采集证据。,资源/可用类指标采集记录,资源/可用类指标采集记录,planned,pending_professional_media_review,high,reports/P5-T1基于V0.3.9主数据补拆验证实施计划.md,评价产出为候选结构，尚未进入正式教学验证。
BV039-INC-P5T1-016,P5T1-N06,采集覆盖、互操作与干扰类指标,P5T1-C06,覆盖互操作干扰指标采集卡,resource_card,P5,P5-T1,map_or_chart;metric_table,metric_collection;evidence_classification,提取覆盖、互操作与干扰指标，标出可能导致未闭环的问题线索。,覆盖/互操作/干扰指标采集记录,覆盖/互操作/干扰指标采集记录,planned,pending_professional_media_review,high,reports/P5-T1基于V0.3.9主数据补拆验证实施计划.md,计划挂接对象，尚未生产正式资源；需专业复核、媒体治理、学生正文审查和平台验证。
BV039-INC-P5T1-017,P5T1-N06,采集覆盖、互操作与干扰类指标,P5T1-W06,覆盖/互操作/干扰指标采集记录,worksheet,P5,P5-T1,evidence_classification,metric_collection;evidence_classification,提取覆盖、互操作与干扰指标，标出可能导致未闭环的问题线索。,覆盖/互操作/干扰指标采集记录,覆盖/互操作/干扰指标采集记录,planned,pending_professional_media_review,high,reports/P5-T1基于V0.3.9主数据补拆验证实施计划.md,计划挂接对象，尚未生产正式资源；需专业复核、媒体治理、学生正文审查和平台验证。
BV039-INC-P5T1-018,P5T1-N06,采集覆盖、互操作与干扰类指标,覆盖/互操作/干扰指标采集记录,覆盖/互操作/干扰指标采集记录,assessment_output,P5,P5-T1,metric_table;map_or_chart;worksheet,metric_collection;evidence_classification,提取覆盖、互操作与干扰指标，标出可能导致未闭环的问题线索。,覆盖/互操作/干扰指标采集记录,覆盖/互操作/干扰指标采集记录,planned,pending_professional_media_review,high,reports/P5-T1基于V0.3.9主数据补拆验证实施计划.md,评价产出为候选结构，尚未进入正式教学验证。
BV039-INC-P5T1-019,P5T1-N07,判断数据质量与采集证据可信度,P5T1-C07,数据质量与证据可信度检查卡,resource_card,P5,P5-T1,checklist,evidence_checking;risk_checking,核对采集证据，填写数据质量检查单。,数据质量检查单,数据质量检查单,planned,pending_professional_media_review,high,reports/P5-T1基于V0.3.9主数据补拆验证实施计划.md,计划挂接对象，尚未生产正式资源；需专业复核、媒体治理、学生正文审查和平台验证。
BV039-INC-P5T1-020,P5T1-N07,判断数据质量与采集证据可信度,P5T1-W07,数据质量检查单,worksheet,P5,P5-T1,evidence_checking,evidence_checking;risk_checking,核对采集证据，填写数据质量检查单。,数据质量检查单,数据质量检查单,planned,pending_professional_media_review,high,reports/P5-T1基于V0.3.9主数据补拆验证实施计划.md,计划挂接对象，尚未生产正式资源；需专业复核、媒体治理、学生正文审查和平台验证。
BV039-INC-P5T1-021,P5T1-N07,判断数据质量与采集证据可信度,数据质量检查单,数据质量检查单,assessment_output,P5,P5-T1,checklist;worksheet;rubric,evidence_checking;risk_checking,核对采集证据，填写数据质量检查单。,数据质量检查单,数据质量检查单,planned,pending_professional_media_review,high,reports/P5-T1基于V0.3.9主数据补拆验证实施计划.md,评价产出为候选结构，尚未进入正式教学验证。
BV039-INC-P5T1-022,P5T1-N08,形成全网指标采集包并连接后续任务,P5T1-C08,全网指标采集包模板,resource_card,P5,P5-T1,report_template,handoff_summary;report_output,汇总采集结果，形成采集包并标明后续任务入口。,全网性能指标采集包,全网性能指标采集包,planned,pending_professional_media_review,medium,reports/P5-T1基于V0.3.9主数据补拆验证实施计划.md,计划挂接对象，尚未生产正式资源；需专业复核、媒体治理、学生正文审查和平台验证。
BV039-INC-P5T1-023,P5T1-N08,形成全网指标采集包并连接后续任务,P5T1-W08,后续任务交接清单,worksheet,P5,P5-T1,handoff_summary,handoff_summary;report_output,汇总采集结果，形成采集包并标明后续任务入口。,全网性能指标采集包,全网性能指标采集包,planned,pending_professional_media_review,medium,reports/P5-T1基于V0.3.9主数据补拆验证实施计划.md,计划挂接对象，尚未生产正式资源；需专业复核、媒体治理、学生正文审查和平台验证。
BV039-INC-P5T1-024,P5T1-N08,形成全网指标采集包并连接后续任务,全网性能指标采集包,全网性能指标采集包,assessment_output,P5,P5-T1,report_template;worksheet;handoff_card,handoff_summary;report_output,汇总采集结果，形成采集包并标明后续任务入口。,全网性能指标采集包,全网性能指标采集包,planned,pending_professional_media_review,medium,reports/P5-T1基于V0.3.9主数据补拆验证实施计划.md,评价产出为候选结构，尚未进入正式教学验证。
BV0310-INC-P5T2-001,P5T2-N01,明确性能提升任务、输入数据和提升目标,P5T2-C01,性能提升任务情境卡,resource_card,P5,P5-T2,task_card;worksheet,case_intro;task_definition;data_source_selection,阅读性能提升任务情境，核对采集包、提升指标、影响范围和目标要求。,性能提升任务单,性能提升任务单,planned,pending_professional_media_review,medium,reports/P5-T2基于V0.3.10主数据补拆验证实施计划.md;reports/P5-T2基于V0.3.10主数据补拆验证报告.md,计划资源卡，尚未生产正式资源；需专业复核、媒体治理、学生正文审查和平台验证。
BV0310-INC-P5T2-002,P5T2-N01,明确性能提升任务、输入数据和提升目标,P5T2-W01,性能提升任务单,worksheet,P5,P5-T2,task_card;worksheet,case_intro;task_definition;data_source_selection,阅读性能提升任务情境，核对采集包、提升指标、影响范围和目标要求。,性能提升任务单,性能提升任务单,planned,pending_professional_media_review,medium,reports/P5-T2基于V0.3.10主数据补拆验证实施计划.md;reports/P5-T2基于V0.3.10主数据补拆验证报告.md,计划学习单，尚未进入真实教学验证。
BV0310-INC-P5T2-003,P5T2-N01,明确性能提升任务、输入数据和提升目标,性能提升任务单,性能提升任务单,assessment_output,P5,P5-T2,task_card;worksheet,case_intro;task_definition;data_source_selection,阅读性能提升任务情境，核对采集包、提升指标、影响范围和目标要求。,性能提升任务单,性能提升任务单,planned,pending_professional_media_review,medium,reports/P5-T2基于V0.3.10主数据补拆验证实施计划.md;reports/P5-T2基于V0.3.10主数据补拆验证报告.md,评价产出为候选结构，尚未进入正式教学验证。
BV0310-INC-P5T2-004,P5T2-N02,使用8维5步法定位性能短板,P5T2-C02,8维5步法短板定位卡,resource_card,P5,P5-T2,method_card;flowchart;worksheet,classification;cause_analysis;table_completion,根据采集包和案例数据，把短板分别放入8个维度，并区分统计、分析、目标、方案和实施步骤。,8维短板分析表,8维短板分析表,planned,pending_professional_media_review,high,reports/P5-T2基于V0.3.10主数据补拆验证实施计划.md;reports/P5-T2基于V0.3.10主数据补拆验证报告.md,计划资源卡，尚未生产正式资源；需专业复核、媒体治理、学生正文审查和平台验证。
BV0310-INC-P5T2-005,P5T2-N02,使用8维5步法定位性能短板,P5T2-W02,8维短板分析表,worksheet,P5,P5-T2,method_card;flowchart;worksheet,classification;cause_analysis;table_completion,根据采集包和案例数据，把短板分别放入8个维度，并区分统计、分析、目标、方案和实施步骤。,8维短板分析表,8维短板分析表,planned,pending_professional_media_review,high,reports/P5-T2基于V0.3.10主数据补拆验证实施计划.md;reports/P5-T2基于V0.3.10主数据补拆验证报告.md,计划学习单，尚未进入真实教学验证。
BV0310-INC-P5T2-006,P5T2-N02,使用8维5步法定位性能短板,8维短板分析表,8维短板分析表,assessment_output,P5,P5-T2,method_card;flowchart;worksheet,classification;cause_analysis;table_completion,根据采集包和案例数据，把短板分别放入8个维度，并区分统计、分析、目标、方案和实施步骤。,8维短板分析表,8维短板分析表,planned,pending_professional_media_review,high,reports/P5-T2基于V0.3.10主数据补拆验证实施计划.md;reports/P5-T2基于V0.3.10主数据补拆验证报告.md,评价产出为候选结构，尚未进入正式教学验证。
BV0310-INC-P5T2-007,P5T2-N03,制定接入类指标提升方案,P5T2-C03,接入类指标提升方案卡,resource_card,P5,P5-T2,metric_table;scheme_card;worksheet,metric_diagnosis;scheme_design,阅读接入失败记录，判断失败集中环节，填写接入类问题原因和提升措施。,接入类提升方案卡,接入类提升方案卡,planned,pending_professional_media_review,high,reports/P5-T2基于V0.3.10主数据补拆验证实施计划.md;reports/P5-T2基于V0.3.10主数据补拆验证报告.md,计划资源卡，尚未生产正式资源；需专业复核、媒体治理、学生正文审查和平台验证。
BV0310-INC-P5T2-008,P5T2-N03,制定接入类指标提升方案,P5T2-W03,接入类提升方案卡,worksheet,P5,P5-T2,metric_table;scheme_card;worksheet,metric_diagnosis;scheme_design,阅读接入失败记录，判断失败集中环节，填写接入类问题原因和提升措施。,接入类提升方案卡,接入类提升方案卡,planned,pending_professional_media_review,high,reports/P5-T2基于V0.3.10主数据补拆验证实施计划.md;reports/P5-T2基于V0.3.10主数据补拆验证报告.md,计划学习单，尚未进入真实教学验证。
BV0310-INC-P5T2-009,P5T2-N03,制定接入类指标提升方案,接入类提升方案卡,接入类提升方案卡,assessment_output,P5,P5-T2,metric_table;scheme_card;worksheet,metric_diagnosis;scheme_design,阅读接入失败记录，判断失败集中环节，填写接入类问题原因和提升措施。,接入类提升方案卡,接入类提升方案卡,planned,pending_professional_media_review,high,reports/P5-T2基于V0.3.10主数据补拆验证实施计划.md;reports/P5-T2基于V0.3.10主数据补拆验证报告.md,评价产出为候选结构，尚未进入正式教学验证。
BV0310-INC-P5T2-010,P5T2-N04,制定保持类指标提升方案,P5T2-C04,保持类掉线问题分析卡,resource_card,P5,P5-T2,case_table;scheme_card;worksheet,case_analysis;cause_chain;scheme_design,对掉线率案例进行分Counter和TOP小区分析，写出可能原因、验证证据和处理建议。,保持类提升方案卡,保持类提升方案卡,planned,pending_professional_media_review,high,reports/P5-T2基于V0.3.10主数据补拆验证实施计划.md;reports/P5-T2基于V0.3.10主数据补拆验证报告.md,计划资源卡，尚未生产正式资源；需专业复核、媒体治理、学生正文审查和平台验证。
BV0310-INC-P5T2-011,P5T2-N04,制定保持类指标提升方案,P5T2-W04,保持类提升方案卡,worksheet,P5,P5-T2,case_table;scheme_card;worksheet,case_analysis;cause_chain;scheme_design,对掉线率案例进行分Counter和TOP小区分析，写出可能原因、验证证据和处理建议。,保持类提升方案卡,保持类提升方案卡,planned,pending_professional_media_review,high,reports/P5-T2基于V0.3.10主数据补拆验证实施计划.md;reports/P5-T2基于V0.3.10主数据补拆验证报告.md,计划学习单，尚未进入真实教学验证。
BV0310-INC-P5T2-012,P5T2-N04,制定保持类指标提升方案,保持类提升方案卡,保持类提升方案卡,assessment_output,P5,P5-T2,case_table;scheme_card;worksheet,case_analysis;cause_chain;scheme_design,对掉线率案例进行分Counter和TOP小区分析，写出可能原因、验证证据和处理建议。,保持类提升方案卡,保持类提升方案卡,planned,pending_professional_media_review,high,reports/P5-T2基于V0.3.10主数据补拆验证实施计划.md;reports/P5-T2基于V0.3.10主数据补拆验证报告.md,评价产出为候选结构，尚未进入正式教学验证。
BV0310-INC-P5T2-013,P5T2-N05,制定移动性指标提升方案,P5T2-C05,移动性指标提升方案卡,resource_card,P5,P5-T2,process_card;scheme_card;worksheet,path_analysis;scheme_design;boundary_judgement,阅读移动性问题数据，区分邻区、覆盖、参数和容量因素，并填写移动性提升方案。,移动性提升方案卡,移动性提升方案卡,planned,pending_professional_media_review,high,reports/P5-T2基于V0.3.10主数据补拆验证实施计划.md;reports/P5-T2基于V0.3.10主数据补拆验证报告.md,计划资源卡，尚未生产正式资源；需专业复核、媒体治理、学生正文审查和平台验证。
BV0310-INC-P5T2-014,P5T2-N05,制定移动性指标提升方案,P5T2-W05,移动性提升方案卡,worksheet,P5,P5-T2,process_card;scheme_card;worksheet,path_analysis;scheme_design;boundary_judgement,阅读移动性问题数据，区分邻区、覆盖、参数和容量因素，并填写移动性提升方案。,移动性提升方案卡,移动性提升方案卡,planned,pending_professional_media_review,high,reports/P5-T2基于V0.3.10主数据补拆验证实施计划.md;reports/P5-T2基于V0.3.10主数据补拆验证报告.md,计划学习单，尚未进入真实教学验证。
BV0310-INC-P5T2-015,P5T2-N05,制定移动性指标提升方案,移动性提升方案卡,移动性提升方案卡,assessment_output,P5,P5-T2,process_card;scheme_card;worksheet,path_analysis;scheme_design;boundary_judgement,阅读移动性问题数据，区分邻区、覆盖、参数和容量因素，并填写移动性提升方案。,移动性提升方案卡,移动性提升方案卡,planned,pending_professional_media_review,high,reports/P5-T2基于V0.3.10主数据补拆验证实施计划.md;reports/P5-T2基于V0.3.10主数据补拆验证报告.md,评价产出为候选结构，尚未进入正式教学验证。
BV0310-INC-P5T2-016,P5T2-N06,制定资源类与可用类指标提升方案,P5T2-C06,资源与可用性提升方案卡,resource_card,P5,P5-T2,metric_table;scheme_card;worksheet,resource_judgement;availability_judgement;scheme_design,核对资源占用、告警和可用率信息，判断扩容、分流、运维处理或持续观察的适用场景。,资源/可用类提升方案卡,资源/可用类提升方案卡,planned,pending_professional_media_review,high,reports/P5-T2基于V0.3.10主数据补拆验证实施计划.md;reports/P5-T2基于V0.3.10主数据补拆验证报告.md,计划资源卡，尚未生产正式资源；需专业复核、媒体治理、学生正文审查和平台验证。
BV0310-INC-P5T2-017,P5T2-N06,制定资源类与可用类指标提升方案,P5T2-W06,资源/可用类提升方案卡,worksheet,P5,P5-T2,metric_table;scheme_card;worksheet,resource_judgement;availability_judgement;scheme_design,核对资源占用、告警和可用率信息，判断扩容、分流、运维处理或持续观察的适用场景。,资源/可用类提升方案卡,资源/可用类提升方案卡,planned,pending_professional_media_review,high,reports/P5-T2基于V0.3.10主数据补拆验证实施计划.md;reports/P5-T2基于V0.3.10主数据补拆验证报告.md,计划学习单，尚未进入真实教学验证。
BV0310-INC-P5T2-018,P5T2-N06,制定资源类与可用类指标提升方案,资源/可用类提升方案卡,资源/可用类提升方案卡,assessment_output,P5,P5-T2,metric_table;scheme_card;worksheet,resource_judgement;availability_judgement;scheme_design,核对资源占用、告警和可用率信息，判断扩容、分流、运维处理或持续观察的适用场景。,资源/可用类提升方案卡,资源/可用类提升方案卡,planned,pending_professional_media_review,high,reports/P5-T2基于V0.3.10主数据补拆验证实施计划.md;reports/P5-T2基于V0.3.10主数据补拆验证报告.md,评价产出为候选结构，尚未进入正式教学验证。
BV0310-INC-P5T2-019,P5T2-N07,形成实施方案、授权边界和回退要求,P5T2-C07,实施授权与回退边界卡,resource_card,P5,P5-T2,scheme_template;boundary_card;worksheet,scheme_synthesis;authorization_boundary;rollback_checking,将接入、保持、移动性、资源和可用类措施汇总为实施清单，补充授权边界、影响范围和回退条件。,性能提升实施方案,性能提升实施方案,planned,pending_professional_media_review,high,reports/P5-T2基于V0.3.10主数据补拆验证实施计划.md;reports/P5-T2基于V0.3.10主数据补拆验证报告.md,计划资源卡，尚未生产正式资源；需专业复核、媒体治理、学生正文审查和平台验证。
BV0310-INC-P5T2-020,P5T2-N07,形成实施方案、授权边界和回退要求,P5T2-W07,性能提升实施方案,worksheet,P5,P5-T2,scheme_template;boundary_card;worksheet,scheme_synthesis;authorization_boundary;rollback_checking,将接入、保持、移动性、资源和可用类措施汇总为实施清单，补充授权边界、影响范围和回退条件。,性能提升实施方案,性能提升实施方案,planned,pending_professional_media_review,high,reports/P5-T2基于V0.3.10主数据补拆验证实施计划.md;reports/P5-T2基于V0.3.10主数据补拆验证报告.md,计划学习单，尚未进入真实教学验证。
BV0310-INC-P5T2-021,P5T2-N07,形成实施方案、授权边界和回退要求,性能提升实施方案,性能提升实施方案,assessment_output,P5,P5-T2,scheme_template;boundary_card;worksheet,scheme_synthesis;authorization_boundary;rollback_checking,将接入、保持、移动性、资源和可用类措施汇总为实施清单，补充授权边界、影响范围和回退条件。,性能提升实施方案,性能提升实施方案,planned,pending_professional_media_review,high,reports/P5-T2基于V0.3.10主数据补拆验证实施计划.md;reports/P5-T2基于V0.3.10主数据补拆验证报告.md,评价产出为候选结构，尚未进入正式教学验证。
BV0310-INC-P5T2-022,P5T2-N08,在教学仿真环境执行参数调整并记录证据,P5T2-C08,教学仿真参数调整界面重绘卡,resource_card,P5,P5-T2,simulation_screen;operation_card;worksheet,simulation_operation;evidence_recording;boundary_judgement,在教学仿真界面识别参数项，按任务要求完成示例调整，保存前后截图、参数值和操作记录。,教学仿真实施记录,教学仿真实施记录,planned,pending_professional_media_review,high,reports/P5-T2基于V0.3.10主数据补拆验证实施计划.md;reports/P5-T2基于V0.3.10主数据补拆验证报告.md,计划资源卡，尚未生产正式资源；需专业复核、媒体治理、学生正文审查和平台验证。
BV0310-INC-P5T2-023,P5T2-N08,在教学仿真环境执行参数调整并记录证据,P5T2-W08,教学仿真实施记录,worksheet,P5,P5-T2,simulation_screen;operation_card;worksheet,simulation_operation;evidence_recording;boundary_judgement,在教学仿真界面识别参数项，按任务要求完成示例调整，保存前后截图、参数值和操作记录。,教学仿真实施记录,教学仿真实施记录,planned,pending_professional_media_review,high,reports/P5-T2基于V0.3.10主数据补拆验证实施计划.md;reports/P5-T2基于V0.3.10主数据补拆验证报告.md,计划学习单，尚未进入真实教学验证。
BV0310-INC-P5T2-024,P5T2-N08,在教学仿真环境执行参数调整并记录证据,教学仿真实施记录,教学仿真实施记录,assessment_output,P5,P5-T2,simulation_screen;operation_card;worksheet,simulation_operation;evidence_recording;boundary_judgement,在教学仿真界面识别参数项，按任务要求完成示例调整，保存前后截图、参数值和操作记录。,教学仿真实施记录,教学仿真实施记录,planned,pending_professional_media_review,high,reports/P5-T2基于V0.3.10主数据补拆验证实施计划.md;reports/P5-T2基于V0.3.10主数据补拆验证报告.md,评价产出为候选结构，尚未进入正式教学验证。
BV0310-INC-P5T2-025,P5T2-N09,输出实施记录并交接P5-T3验证,P5T2-C09,实施交接与复测要求卡,resource_card,P5,P5-T2,handoff_form;worksheet,handoff_writing;risk_summary;verification_request,整理实施方案、仿真记录、未闭环风险和复测要求，填写性能提升实施交接单。,性能提升实施交接单,性能提升实施交接单,planned,pending_professional_media_review,high,reports/P5-T2基于V0.3.10主数据补拆验证实施计划.md;reports/P5-T2基于V0.3.10主数据补拆验证报告.md,计划资源卡，尚未生产正式资源；需专业复核、媒体治理、学生正文审查和平台验证。
BV0310-INC-P5T2-026,P5T2-N09,输出实施记录并交接P5-T3验证,P5T2-W09,性能提升实施交接单,worksheet,P5,P5-T2,handoff_form;worksheet,handoff_writing;risk_summary;verification_request,整理实施方案、仿真记录、未闭环风险和复测要求，填写性能提升实施交接单。,性能提升实施交接单,性能提升实施交接单,planned,pending_professional_media_review,high,reports/P5-T2基于V0.3.10主数据补拆验证实施计划.md;reports/P5-T2基于V0.3.10主数据补拆验证报告.md,计划学习单，尚未进入真实教学验证。
BV0310-INC-P5T2-027,P5T2-N09,输出实施记录并交接P5-T3验证,性能提升实施交接单,性能提升实施交接单,assessment_output,P5,P5-T2,handoff_form;worksheet,handoff_writing;risk_summary;verification_request,整理实施方案、仿真记录、未闭环风险和复测要求，填写性能提升实施交接单。,性能提升实施交接单,性能提升实施交接单,planned,pending_professional_media_review,high,reports/P5-T2基于V0.3.10主数据补拆验证实施计划.md;reports/P5-T2基于V0.3.10主数据补拆验证报告.md,评价产出为候选结构，尚未进入正式教学验证。
BV0311-INC-P3T1-001,P3T1-N01,明确5G网管在网络优化中的作用,P3T1-C01,为什么先认识网管任务情境卡,resource_card,P3,P3-T1,task_card,case_intro;task_definition,阅读任务情境，说明5G网管为什么是后续任务入口。,网管作用说明卡,网管作用说明卡,planned,pending_professional_media_review,medium,reports/P3-T1基于V0.3.11主数据补拆验证实施计划.md;reports/P3-T1基于V0.3.11主数据补拆验证报告.md,计划资源或活动，尚未生产正式资源；需专业复核、媒体重绘、学生正文审查和平台验证。
BV0311-INC-P3T1-002,P3T1-N01,明确5G网管在网络优化中的作用,P3T1-W01,网管作用说明工作单,worksheet,P3,P3-T1,worksheet,task_definition;short_explanation,填写网管支撑网络优化的三个作用。,网管作用说明卡,网管作用说明卡,planned,pending_professional_media_review,medium,reports/P3-T1基于V0.3.11主数据补拆验证实施计划.md;reports/P3-T1基于V0.3.11主数据补拆验证报告.md,计划资源或活动，尚未生产正式资源；需专业复核、媒体重绘、学生正文审查和平台验证。
BV0311-INC-P3T1-003,P3T1-N01,明确5G网管在网络优化中的作用,P3T1-ACT01,网管作用归纳活动,learning_activity,P3,P3-T1,task_card,case_intro;classification,把日常运维、告警、参数、性能和智能化功能归类。,网管作用说明卡,网管作用说明卡,planned,pending_professional_media_review,medium,reports/P3-T1基于V0.3.11主数据补拆验证实施计划.md;reports/P3-T1基于V0.3.11主数据补拆验证报告.md,计划资源或活动，尚未生产正式资源；需专业复核、媒体重绘、学生正文审查和平台验证。
BV0311-INC-P3T1-004,P3T1-N02,识别5G网管架构层次与部署组成,P3T1-R01,5G网管架构层次教学化重绘图,resource_card,P3,P3-T1,diagram,diagram_annotation,标注基础设施、虚拟化平台、网管平台、应用和客户端。,网管架构层次标注图,网管架构层次标注图,planned,pending_professional_media_review,high,reports/P3-T1基于V0.3.11主数据补拆验证实施计划.md;reports/P3-T1基于V0.3.11主数据补拆验证报告.md,计划资源或活动，尚未生产正式资源；需专业复核、媒体重绘、学生正文审查和平台验证。
BV0311-INC-P3T1-005,P3T1-N02,识别5G网管架构层次与部署组成,P3T1-W02,架构层次标注工作单,worksheet,P3,P3-T1,worksheet,diagram_annotation,完成架构层次标注并写出各层作用。,网管架构层次标注图,网管架构层次标注图,planned,pending_professional_media_review,high,reports/P3-T1基于V0.3.11主数据补拆验证实施计划.md;reports/P3-T1基于V0.3.11主数据补拆验证报告.md,计划资源或活动，尚未生产正式资源；需专业复核、媒体重绘、学生正文审查和平台验证。
BV0311-INC-P3T1-006,P3T1-N02,识别5G网管架构层次与部署组成,P3T1-ACT02,架构层次拖拽标注活动,learning_activity,P3,P3-T1,interactive_diagram,diagram_annotation,把IaaS、PaaS、SaaS、TECS和网管应用放到合适层。,网管架构层次标注图,网管架构层次标注图,planned,pending_professional_media_review,high,reports/P3-T1基于V0.3.11主数据补拆验证实施计划.md;reports/P3-T1基于V0.3.11主数据补拆验证报告.md,计划资源或活动，尚未生产正式资源；需专业复核、媒体重绘、学生正文审查和平台验证。
BV0311-INC-P3T1-007,P3T1-N03,区分5G网管软硬件组成与部署边界,P3T1-R02,软硬件组成对照表资源,resource_card,P3,P3-T1,comparison_table,classification,阅读服务器、TECS、虚拟网管平台、APP和客户端对应关系。,软硬件组成对照表,软硬件组成对照表,planned,pending_professional_media_review,high,reports/P3-T1基于V0.3.11主数据补拆验证实施计划.md;reports/P3-T1基于V0.3.11主数据补拆验证报告.md,计划资源或活动，尚未生产正式资源；需专业复核、媒体重绘、学生正文审查和平台验证。
BV0311-INC-P3T1-008,P3T1-N03,区分5G网管软硬件组成与部署边界,P3T1-W03,软硬件组成分类表,worksheet,P3,P3-T1,worksheet,classification,把软硬件组成对象填入部署层。,软硬件组成对照表,软硬件组成对照表,planned,pending_professional_media_review,high,reports/P3-T1基于V0.3.11主数据补拆验证实施计划.md;reports/P3-T1基于V0.3.11主数据补拆验证报告.md,计划资源或活动，尚未生产正式资源；需专业复核、媒体重绘、学生正文审查和平台验证。
BV0311-INC-P3T1-009,P3T1-N03,区分5G网管软硬件组成与部署边界,P3T1-ACT03,部署边界判断活动,learning_activity,P3,P3-T1,comparison_table,boundary_checking,判断哪些对象属于底层资源、平台层、应用层或访问端。,软硬件组成对照表,软硬件组成对照表,planned,pending_professional_media_review,high,reports/P3-T1基于V0.3.11主数据补拆验证实施计划.md;reports/P3-T1基于V0.3.11主数据补拆验证报告.md,计划资源或活动，尚未生产正式资源；需专业复核、媒体重绘、学生正文审查和平台验证。
BV0311-INC-P3T1-010,P3T1-N04,识别5G网管功能组件与管理对象,P3T1-R03,功能组件用途表资源,resource_card,P3,P3-T1,function_table,module_matching,识读系统管理、自运维、智能运维、无线应用和公共应用用途。,功能组件用途表,功能组件用途表,planned,pending_professional_media_review,high,reports/P3-T1基于V0.3.11主数据补拆验证实施计划.md;reports/P3-T1基于V0.3.11主数据补拆验证报告.md,计划资源或活动，尚未生产正式资源；需专业复核、媒体重绘、学生正文审查和平台验证。
BV0311-INC-P3T1-011,P3T1-N04,识别5G网管功能组件与管理对象,P3T1-W04,功能组件用途匹配表,worksheet,P3,P3-T1,worksheet,module_matching,匹配功能组件、管理对象和典型任务。,功能组件用途表,功能组件用途表,planned,pending_professional_media_review,high,reports/P3-T1基于V0.3.11主数据补拆验证实施计划.md;reports/P3-T1基于V0.3.11主数据补拆验证报告.md,计划资源或活动，尚未生产正式资源；需专业复核、媒体重绘、学生正文审查和平台验证。
BV0311-INC-P3T1-012,P3T1-N04,识别5G网管功能组件与管理对象,P3T1-ACT04,功能组件匹配活动,learning_activity,P3,P3-T1,interactive_table,module_matching,把告警、日志、备份、性能、信令、拓扑等对象匹配到功能组件。,功能组件用途表,功能组件用途表,planned,pending_professional_media_review,high,reports/P3-T1基于V0.3.11主数据补拆验证实施计划.md;reports/P3-T1基于V0.3.11主数据补拆验证报告.md,计划资源或活动，尚未生产正式资源；需专业复核、媒体重绘、学生正文审查和平台验证。
BV0311-INC-P3T1-013,P3T1-N05,定位仿真实训系统中的典型任务入口,P3T1-R04,仿真实训系统入口教学化标注图,resource_card,P3,P3-T1,interface_diagram,interface_locator,在教学化界面图中定位数据采集、网络测试、信令分析和性能入口。,网管功能入口定位单,网管功能入口定位单,planned,pending_professional_media_review,high,reports/P3-T1基于V0.3.11主数据补拆验证实施计划.md;reports/P3-T1基于V0.3.11主数据补拆验证报告.md,计划资源或活动，尚未生产正式资源；需专业复核、媒体重绘、学生正文审查和平台验证。
BV0311-INC-P3T1-014,P3T1-N05,定位仿真实训系统中的典型任务入口,P3T1-W05,网管功能入口定位单,worksheet,P3,P3-T1,worksheet,interface_locator,标注每个入口服务的后续学习任务。,网管功能入口定位单,网管功能入口定位单,planned,pending_professional_media_review,high,reports/P3-T1基于V0.3.11主数据补拆验证实施计划.md;reports/P3-T1基于V0.3.11主数据补拆验证报告.md,计划资源或活动，尚未生产正式资源；需专业复核、媒体重绘、学生正文审查和平台验证。
BV0311-INC-P3T1-015,P3T1-N05,定位仿真实训系统中的典型任务入口,P3T1-ACT05,入口定位交互活动,learning_activity,P3,P3-T1,interactive_image,interface_locator;task_routing,点击或标注典型入口并选择对应任务。,网管功能入口定位单,网管功能入口定位单,planned,pending_professional_media_review,high,reports/P3-T1基于V0.3.11主数据补拆验证实施计划.md;reports/P3-T1基于V0.3.11主数据补拆验证报告.md,计划资源或活动，尚未生产正式资源；需专业复核、媒体重绘、学生正文审查和平台验证。
BV0311-INC-P3T1-016,P3T1-N06,建立功能入口与后续学习任务的映射,P3T1-R05,功能到任务映射示意图,resource_card,P3,P3-T1,mapping_graph,task_routing;graph_navigation,查看网管入口如何连接P1、P2、P3、P5和P6任务。,功能到任务映射表,功能到任务映射表,planned,pending_professional_media_review,medium,reports/P3-T1基于V0.3.11主数据补拆验证实施计划.md;reports/P3-T1基于V0.3.11主数据补拆验证报告.md,计划资源或活动，尚未生产正式资源；需专业复核、媒体重绘、学生正文审查和平台验证。
BV0311-INC-P3T1-017,P3T1-N06,建立功能入口与后续学习任务的映射,P3T1-W06,功能到任务映射表,worksheet,P3,P3-T1,mapping_table,task_routing,填写功能入口与后续项目任务的对应关系。,功能到任务映射表,功能到任务映射表,planned,pending_professional_media_review,medium,reports/P3-T1基于V0.3.11主数据补拆验证实施计划.md;reports/P3-T1基于V0.3.11主数据补拆验证报告.md,计划资源或活动，尚未生产正式资源；需专业复核、媒体重绘、学生正文审查和平台验证。
BV0311-INC-P3T1-018,P3T1-N06,建立功能入口与后续学习任务的映射,P3T1-ACT06,学习路径路由活动,learning_activity,P3,P3-T1,interactive_graph,graph_navigation;task_routing,从一个功能入口选择下一步应进入的项目任务。,功能到任务映射表,功能到任务映射表,planned,pending_professional_media_review,medium,reports/P3-T1基于V0.3.11主数据补拆验证实施计划.md;reports/P3-T1基于V0.3.11主数据补拆验证报告.md,计划资源或活动，尚未生产正式资源；需专业复核、媒体重绘、学生正文审查和平台验证。
BV0311-INC-P3T1-019,P3T1-N07,判断账号权限、数据范围与学习边界,P3T1-R06,权限与学习边界说明卡,resource_card,P3,P3-T1,boundary_card,boundary_checking,阅读学生账号、教学仿真和真实工程授权边界说明。,网管使用边界说明单,网管使用边界说明单,planned,pending_professional_media_review,high,reports/P3-T1基于V0.3.11主数据补拆验证实施计划.md;reports/P3-T1基于V0.3.11主数据补拆验证报告.md,计划资源或活动，尚未生产正式资源；需专业复核、媒体重绘、学生正文审查和平台验证。
BV0311-INC-P3T1-020,P3T1-N07,判断账号权限、数据范围与学习边界,P3T1-W07,网管使用边界说明单,worksheet,P3,P3-T1,worksheet,boundary_checking;risk_judgement,判断哪些功能可查看、可教学模拟、不可真实操作。,网管使用边界说明单,网管使用边界说明单,planned,pending_professional_media_review,high,reports/P3-T1基于V0.3.11主数据补拆验证实施计划.md;reports/P3-T1基于V0.3.11主数据补拆验证报告.md,计划资源或活动，尚未生产正式资源；需专业复核、媒体重绘、学生正文审查和平台验证。
BV0311-INC-P3T1-021,P3T1-N07,判断账号权限、数据范围与学习边界,P3T1-ACT07,权限边界判断活动,learning_activity,P3,P3-T1,scenario_judgement,risk_judgement;boundary_checking,根据账号和任务场景判断操作边界。,网管使用边界说明单,网管使用边界说明单,planned,pending_professional_media_review,high,reports/P3-T1基于V0.3.11主数据补拆验证实施计划.md;reports/P3-T1基于V0.3.11主数据补拆验证报告.md,计划资源或活动，尚未生产正式资源；需专业复核、媒体重绘、学生正文审查和平台验证。
BV0312-INC-P1G-001,P1T1-N01,明确室内信息采集任务与用途,P1T1N01-C01,室内采集任务情境卡,resource_card,P1,P1-T1,task_card,case_intro;task_definition,阅读室内采集情境，说明采集对象和后续使用场景。,室内采集任务说明卡,室内采集任务说明卡,planned,pending_professional_media_data_review,medium,reports/P1-T1_P1-T2基于V0.3.12主数据成组补拆验证实施计划.md;reports/P1-T1_P1-T2基于V0.3.12主数据成组补拆验证报告.md,计划资源或活动，尚未生产正式资源；需专业复核、媒体治理、数据安全审查、学生正文审查和平台验证。
BV0312-INC-P1G-002,P1T1-N01,明确室内信息采集任务与用途,P1T1N01-W01,室内采集任务说明卡,worksheet,P1,P1-T1,worksheet,data_recording;quality_check,阅读室内采集情境，说明采集对象和后续使用场景。,室内采集任务说明卡,室内采集任务说明卡,planned,pending_professional_media_data_review,medium,reports/P1-T1_P1-T2基于V0.3.12主数据成组补拆验证实施计划.md;reports/P1-T1_P1-T2基于V0.3.12主数据成组补拆验证报告.md,计划资源或活动，尚未生产正式资源；需专业复核、媒体治理、数据安全审查、学生正文审查和平台验证。
BV0312-INC-P1G-003,P1T1-N01,明确室内信息采集任务与用途,P1T1N01-ACT01,室内明确室内信息采集任务与用途学习活动,learning_activity,P1,P1-T1,interactive_table,classification;boundary_checking,阅读室内采集情境，说明采集对象和后续使用场景。,室内采集任务说明卡,室内采集任务说明卡,planned,pending_professional_media_data_review,medium,reports/P1-T1_P1-T2基于V0.3.12主数据成组补拆验证实施计划.md;reports/P1-T1_P1-T2基于V0.3.12主数据成组补拆验证报告.md,计划资源或活动，尚未生产正式资源；需专业复核、媒体治理、数据安全审查、学生正文审查和平台验证。
BV0312-INC-P1G-004,P1T1-N02,识别室内采集对象和字段类别,P1T1N02-C02,室内采集任务情境卡,resource_card,P1,P1-T1,task_card,case_intro;task_definition,对照室内信息采集表，完成字段分类和用途说明。,室内采集字段分类表,室内采集字段分类表,planned,pending_professional_media_data_review,high,reports/P1-T1_P1-T2基于V0.3.12主数据成组补拆验证实施计划.md;reports/P1-T1_P1-T2基于V0.3.12主数据成组补拆验证报告.md,计划资源或活动，尚未生产正式资源；需专业复核、媒体治理、数据安全审查、学生正文审查和平台验证。
BV0312-INC-P1G-005,P1T1-N02,识别室内采集对象和字段类别,P1T1N02-W02,室内采集字段分类表,worksheet,P1,P1-T1,worksheet,data_recording;quality_check,对照室内信息采集表，完成字段分类和用途说明。,室内采集字段分类表,室内采集字段分类表,planned,pending_professional_media_data_review,high,reports/P1-T1_P1-T2基于V0.3.12主数据成组补拆验证实施计划.md;reports/P1-T1_P1-T2基于V0.3.12主数据成组补拆验证报告.md,计划资源或活动，尚未生产正式资源；需专业复核、媒体治理、数据安全审查、学生正文审查和平台验证。
BV0312-INC-P1G-006,P1T1-N02,识别室内采集对象和字段类别,P1T1N02-ACT02,室内识别室内采集对象和字段类别学习活动,learning_activity,P1,P1-T1,interactive_table,classification;boundary_checking,对照室内信息采集表，完成字段分类和用途说明。,室内采集字段分类表,室内采集字段分类表,planned,pending_professional_media_data_review,high,reports/P1-T1_P1-T2基于V0.3.12主数据成组补拆验证实施计划.md;reports/P1-T1_P1-T2基于V0.3.12主数据成组补拆验证报告.md,计划资源或活动，尚未生产正式资源；需专业复核、媒体治理、数据安全审查、学生正文审查和平台验证。
BV0312-INC-P1G-007,P1T1-N03,选择并使用室内采集工具,P1T1N03-C03,室内采集任务情境卡,resource_card,P1,P1-T1,task_card,case_intro;task_definition,识别采集工具用途，完成工具选择和使用注意事项判断。,室内采集工具选择单,室内采集工具选择单,planned,pending_professional_media_data_review,high,reports/P1-T1_P1-T2基于V0.3.12主数据成组补拆验证实施计划.md;reports/P1-T1_P1-T2基于V0.3.12主数据成组补拆验证报告.md,计划资源或活动，尚未生产正式资源；需专业复核、媒体治理、数据安全审查、学生正文审查和平台验证。
BV0312-INC-P1G-008,P1T1-N03,选择并使用室内采集工具,P1T1N03-W03,室内采集工具选择单,worksheet,P1,P1-T1,worksheet,data_recording;quality_check,识别采集工具用途，完成工具选择和使用注意事项判断。,室内采集工具选择单,室内采集工具选择单,planned,pending_professional_media_data_review,high,reports/P1-T1_P1-T2基于V0.3.12主数据成组补拆验证实施计划.md;reports/P1-T1_P1-T2基于V0.3.12主数据成组补拆验证报告.md,计划资源或活动，尚未生产正式资源；需专业复核、媒体治理、数据安全审查、学生正文审查和平台验证。
BV0312-INC-P1G-009,P1T1-N03,选择并使用室内采集工具,P1T1N03-ACT03,室内选择并使用室内采集工具学习活动,learning_activity,P1,P1-T1,interactive_table,classification;boundary_checking,识别采集工具用途，完成工具选择和使用注意事项判断。,室内采集工具选择单,室内采集工具选择单,planned,pending_professional_media_data_review,high,reports/P1-T1_P1-T2基于V0.3.12主数据成组补拆验证实施计划.md;reports/P1-T1_P1-T2基于V0.3.12主数据成组补拆验证报告.md,计划资源或活动，尚未生产正式资源；需专业复核、媒体治理、数据安全审查、学生正文审查和平台验证。
BV0312-INC-P1G-010,P1T1-N04,完成室内设备与配套信息采集记录,P1T1N04-C04,室内采集任务情境卡,resource_card,P1,P1-T1,task_card,case_intro;task_definition,在教学模拟材料中完成室内信息采集记录。,室内信息采集记录表,室内信息采集记录表,planned,pending_professional_media_data_review,high,reports/P1-T1_P1-T2基于V0.3.12主数据成组补拆验证实施计划.md;reports/P1-T1_P1-T2基于V0.3.12主数据成组补拆验证报告.md,计划资源或活动，尚未生产正式资源；需专业复核、媒体治理、数据安全审查、学生正文审查和平台验证。
BV0312-INC-P1G-011,P1T1-N04,完成室内设备与配套信息采集记录,P1T1N04-W04,室内信息采集记录表,worksheet,P1,P1-T1,worksheet,data_recording;quality_check,在教学模拟材料中完成室内信息采集记录。,室内信息采集记录表,室内信息采集记录表,planned,pending_professional_media_data_review,high,reports/P1-T1_P1-T2基于V0.3.12主数据成组补拆验证实施计划.md;reports/P1-T1_P1-T2基于V0.3.12主数据成组补拆验证报告.md,计划资源或活动，尚未生产正式资源；需专业复核、媒体治理、数据安全审查、学生正文审查和平台验证。
BV0312-INC-P1G-012,P1T1-N04,完成室内设备与配套信息采集记录,P1T1N04-ACT04,室内完成室内设备与配套信息采集记录学习活动,learning_activity,P1,P1-T1,interactive_table,classification;boundary_checking,在教学模拟材料中完成室内信息采集记录。,室内信息采集记录表,室内信息采集记录表,planned,pending_professional_media_data_review,high,reports/P1-T1_P1-T2基于V0.3.12主数据成组补拆验证实施计划.md;reports/P1-T1_P1-T2基于V0.3.12主数据成组补拆验证报告.md,计划资源或活动，尚未生产正式资源；需专业复核、媒体治理、数据安全审查、学生正文审查和平台验证。
BV0312-INC-P1G-013,P1T1-N05,核查室内采集数据完整性与异常项,P1T1N05-C05,室内采集任务情境卡,resource_card,P1,P1-T1,task_card,case_intro;task_definition,核查室内采集记录，标出缺项、冲突和异常项。,室内信息完整性核查单,室内信息完整性核查单,planned,pending_professional_media_data_review,medium,reports/P1-T1_P1-T2基于V0.3.12主数据成组补拆验证实施计划.md;reports/P1-T1_P1-T2基于V0.3.12主数据成组补拆验证报告.md,计划资源或活动，尚未生产正式资源；需专业复核、媒体治理、数据安全审查、学生正文审查和平台验证。
BV0312-INC-P1G-014,P1T1-N05,核查室内采集数据完整性与异常项,P1T1N05-W05,室内信息完整性核查单,worksheet,P1,P1-T1,worksheet,data_recording;quality_check,核查室内采集记录，标出缺项、冲突和异常项。,室内信息完整性核查单,室内信息完整性核查单,planned,pending_professional_media_data_review,medium,reports/P1-T1_P1-T2基于V0.3.12主数据成组补拆验证实施计划.md;reports/P1-T1_P1-T2基于V0.3.12主数据成组补拆验证报告.md,计划资源或活动，尚未生产正式资源；需专业复核、媒体治理、数据安全审查、学生正文审查和平台验证。
BV0312-INC-P1G-015,P1T1-N05,核查室内采集数据完整性与异常项,P1T1N05-ACT05,室内核查室内采集数据完整性与异常项学习活动,learning_activity,P1,P1-T1,interactive_table,classification;boundary_checking,核查室内采集记录，标出缺项、冲突和异常项。,室内信息完整性核查单,室内信息完整性核查单,planned,pending_professional_media_data_review,medium,reports/P1-T1_P1-T2基于V0.3.12主数据成组补拆验证实施计划.md;reports/P1-T1_P1-T2基于V0.3.12主数据成组补拆验证报告.md,计划资源或活动，尚未生产正式资源；需专业复核、媒体治理、数据安全审查、学生正文审查和平台验证。
BV0312-INC-P1G-016,P1T1-N06,输出室内信息采集成果并衔接后续任务,P1T1N06-C06,室内采集任务情境卡,resource_card,P1,P1-T1,task_card,case_intro;task_definition,整理室内采集成果包，并连接后续学习任务。,室内采集成果包,室内采集成果包,planned,pending_professional_media_data_review,medium,reports/P1-T1_P1-T2基于V0.3.12主数据成组补拆验证实施计划.md;reports/P1-T1_P1-T2基于V0.3.12主数据成组补拆验证报告.md,计划资源或活动，尚未生产正式资源；需专业复核、媒体治理、数据安全审查、学生正文审查和平台验证。
BV0312-INC-P1G-017,P1T1-N06,输出室内信息采集成果并衔接后续任务,P1T1N06-W06,室内采集成果包,worksheet,P1,P1-T1,worksheet,data_recording;quality_check,整理室内采集成果包，并连接后续学习任务。,室内采集成果包,室内采集成果包,planned,pending_professional_media_data_review,medium,reports/P1-T1_P1-T2基于V0.3.12主数据成组补拆验证实施计划.md;reports/P1-T1_P1-T2基于V0.3.12主数据成组补拆验证报告.md,计划资源或活动，尚未生产正式资源；需专业复核、媒体治理、数据安全审查、学生正文审查和平台验证。
BV0312-INC-P1G-018,P1T1-N06,输出室内信息采集成果并衔接后续任务,P1T1N06-ACT06,室内输出室内信息采集成果并衔接后续任务学习活动,learning_activity,P1,P1-T1,interactive_table,classification;boundary_checking,整理室内采集成果包，并连接后续学习任务。,室内采集成果包,室内采集成果包,planned,pending_professional_media_data_review,medium,reports/P1-T1_P1-T2基于V0.3.12主数据成组补拆验证实施计划.md;reports/P1-T1_P1-T2基于V0.3.12主数据成组补拆验证报告.md,计划资源或活动，尚未生产正式资源；需专业复核、媒体治理、数据安全审查、学生正文审查和平台验证。
BV0312-INC-P1G-019,P1T2-N01,明确室外信息采集任务与用途,P1T2N01-C01,室外采集任务情境卡,resource_card,P1,P1-T2,task_card,case_intro;task_definition,阅读室外采集情境，说明室外信息的后续使用场景。,室外采集任务说明卡,室外采集任务说明卡,planned,pending_professional_media_data_review,medium,reports/P1-T1_P1-T2基于V0.3.12主数据成组补拆验证实施计划.md;reports/P1-T1_P1-T2基于V0.3.12主数据成组补拆验证报告.md,计划资源或活动，尚未生产正式资源；需专业复核、媒体治理、数据安全审查、学生正文审查和平台验证。
BV0312-INC-P1G-020,P1T2-N01,明确室外信息采集任务与用途,P1T2N01-W01,室外采集任务说明卡,worksheet,P1,P1-T2,worksheet,data_recording;quality_check,阅读室外采集情境，说明室外信息的后续使用场景。,室外采集任务说明卡,室外采集任务说明卡,planned,pending_professional_media_data_review,medium,reports/P1-T1_P1-T2基于V0.3.12主数据成组补拆验证实施计划.md;reports/P1-T1_P1-T2基于V0.3.12主数据成组补拆验证报告.md,计划资源或活动，尚未生产正式资源；需专业复核、媒体治理、数据安全审查、学生正文审查和平台验证。
BV0312-INC-P1G-021,P1T2-N01,明确室外信息采集任务与用途,P1T2N01-ACT01,室外明确室外信息采集任务与用途学习活动,learning_activity,P1,P1-T2,interactive_table,classification;boundary_checking,阅读室外采集情境，说明室外信息的后续使用场景。,室外采集任务说明卡,室外采集任务说明卡,planned,pending_professional_media_data_review,medium,reports/P1-T1_P1-T2基于V0.3.12主数据成组补拆验证实施计划.md;reports/P1-T1_P1-T2基于V0.3.12主数据成组补拆验证报告.md,计划资源或活动，尚未生产正式资源；需专业复核、媒体治理、数据安全审查、学生正文审查和平台验证。
BV0312-INC-P1G-022,P1T2-N02,识别室外采集对象和场景类别,P1T2N02-C02,室外采集任务情境卡,resource_card,P1,P1-T2,task_card,case_intro;task_definition,对照室外采集材料，完成采集对象和场景类别分类。,室外采集字段分类表,室外采集字段分类表,planned,pending_professional_media_data_review,high,reports/P1-T1_P1-T2基于V0.3.12主数据成组补拆验证实施计划.md;reports/P1-T1_P1-T2基于V0.3.12主数据成组补拆验证报告.md,计划资源或活动，尚未生产正式资源；需专业复核、媒体治理、数据安全审查、学生正文审查和平台验证。
BV0312-INC-P1G-023,P1T2-N02,识别室外采集对象和场景类别,P1T2N02-W02,室外采集字段分类表,worksheet,P1,P1-T2,worksheet,data_recording;quality_check,对照室外采集材料，完成采集对象和场景类别分类。,室外采集字段分类表,室外采集字段分类表,planned,pending_professional_media_data_review,high,reports/P1-T1_P1-T2基于V0.3.12主数据成组补拆验证实施计划.md;reports/P1-T1_P1-T2基于V0.3.12主数据成组补拆验证报告.md,计划资源或活动，尚未生产正式资源；需专业复核、媒体治理、数据安全审查、学生正文审查和平台验证。
BV0312-INC-P1G-024,P1T2-N02,识别室外采集对象和场景类别,P1T2N02-ACT02,室外识别室外采集对象和场景类别学习活动,learning_activity,P1,P1-T2,interactive_table,classification;boundary_checking,对照室外采集材料，完成采集对象和场景类别分类。,室外采集字段分类表,室外采集字段分类表,planned,pending_professional_media_data_review,high,reports/P1-T1_P1-T2基于V0.3.12主数据成组补拆验证实施计划.md;reports/P1-T1_P1-T2基于V0.3.12主数据成组补拆验证报告.md,计划资源或活动，尚未生产正式资源；需专业复核、媒体治理、数据安全审查、学生正文审查和平台验证。
BV0312-INC-P1G-025,P1T2-N03,识别塔型、天馈和室外设备信息,P1T2N03-C03,室外采集任务情境卡,resource_card,P1,P1-T2,task_card,case_intro;task_definition,识别塔型和天馈对象，完成室外设备信息标注。,塔型与天馈识别表,塔型与天馈识别表,planned,pending_professional_media_data_review,high,reports/P1-T1_P1-T2基于V0.3.12主数据成组补拆验证实施计划.md;reports/P1-T1_P1-T2基于V0.3.12主数据成组补拆验证报告.md,计划资源或活动，尚未生产正式资源；需专业复核、媒体治理、数据安全审查、学生正文审查和平台验证。
BV0312-INC-P1G-026,P1T2-N03,识别塔型、天馈和室外设备信息,P1T2N03-W03,塔型与天馈识别表,worksheet,P1,P1-T2,worksheet,data_recording;quality_check,识别塔型和天馈对象，完成室外设备信息标注。,塔型与天馈识别表,塔型与天馈识别表,planned,pending_professional_media_data_review,high,reports/P1-T1_P1-T2基于V0.3.12主数据成组补拆验证实施计划.md;reports/P1-T1_P1-T2基于V0.3.12主数据成组补拆验证报告.md,计划资源或活动，尚未生产正式资源；需专业复核、媒体治理、数据安全审查、学生正文审查和平台验证。
BV0312-INC-P1G-027,P1T2-N03,识别塔型、天馈和室外设备信息,P1T2N03-ACT03,室外识别塔型、天馈和室外设备信息学习活动,learning_activity,P1,P1-T2,interactive_table,classification;boundary_checking,识别塔型和天馈对象，完成室外设备信息标注。,塔型与天馈识别表,塔型与天馈识别表,planned,pending_professional_media_data_review,high,reports/P1-T1_P1-T2基于V0.3.12主数据成组补拆验证实施计划.md;reports/P1-T1_P1-T2基于V0.3.12主数据成组补拆验证报告.md,计划资源或活动，尚未生产正式资源；需专业复核、媒体治理、数据安全审查、学生正文审查和平台验证。
BV0312-INC-P1G-028,P1T2-N04,完成室外环境与覆盖信息采集记录,P1T2N04-C04,室外采集任务情境卡,resource_card,P1,P1-T2,task_card,case_intro;task_definition,在教学模拟材料中完成室外信息采集记录。,室外信息采集记录表,室外信息采集记录表,planned,pending_professional_media_data_review,high,reports/P1-T1_P1-T2基于V0.3.12主数据成组补拆验证实施计划.md;reports/P1-T1_P1-T2基于V0.3.12主数据成组补拆验证报告.md,计划资源或活动，尚未生产正式资源；需专业复核、媒体治理、数据安全审查、学生正文审查和平台验证。
BV0312-INC-P1G-029,P1T2-N04,完成室外环境与覆盖信息采集记录,P1T2N04-W04,室外信息采集记录表,worksheet,P1,P1-T2,worksheet,data_recording;quality_check,在教学模拟材料中完成室外信息采集记录。,室外信息采集记录表,室外信息采集记录表,planned,pending_professional_media_data_review,high,reports/P1-T1_P1-T2基于V0.3.12主数据成组补拆验证实施计划.md;reports/P1-T1_P1-T2基于V0.3.12主数据成组补拆验证报告.md,计划资源或活动，尚未生产正式资源；需专业复核、媒体治理、数据安全审查、学生正文审查和平台验证。
BV0312-INC-P1G-030,P1T2-N04,完成室外环境与覆盖信息采集记录,P1T2N04-ACT04,室外完成室外环境与覆盖信息采集记录学习活动,learning_activity,P1,P1-T2,interactive_table,classification;boundary_checking,在教学模拟材料中完成室外信息采集记录。,室外信息采集记录表,室外信息采集记录表,planned,pending_professional_media_data_review,high,reports/P1-T1_P1-T2基于V0.3.12主数据成组补拆验证实施计划.md;reports/P1-T1_P1-T2基于V0.3.12主数据成组补拆验证报告.md,计划资源或活动，尚未生产正式资源；需专业复核、媒体治理、数据安全审查、学生正文审查和平台验证。
BV0312-INC-P1G-031,P1T2-N05,核查室外采集数据完整性与风险项,P1T2N05-C05,室外采集任务情境卡,resource_card,P1,P1-T2,task_card,case_intro;task_definition,核查室外采集记录，标出缺项、冲突和风险项。,室外信息完整性核查单,室外信息完整性核查单,planned,pending_professional_media_data_review,high,reports/P1-T1_P1-T2基于V0.3.12主数据成组补拆验证实施计划.md;reports/P1-T1_P1-T2基于V0.3.12主数据成组补拆验证报告.md,计划资源或活动，尚未生产正式资源；需专业复核、媒体治理、数据安全审查、学生正文审查和平台验证。
BV0312-INC-P1G-032,P1T2-N05,核查室外采集数据完整性与风险项,P1T2N05-W05,室外信息完整性核查单,worksheet,P1,P1-T2,worksheet,data_recording;quality_check,核查室外采集记录，标出缺项、冲突和风险项。,室外信息完整性核查单,室外信息完整性核查单,planned,pending_professional_media_data_review,high,reports/P1-T1_P1-T2基于V0.3.12主数据成组补拆验证实施计划.md;reports/P1-T1_P1-T2基于V0.3.12主数据成组补拆验证报告.md,计划资源或活动，尚未生产正式资源；需专业复核、媒体治理、数据安全审查、学生正文审查和平台验证。
BV0312-INC-P1G-033,P1T2-N05,核查室外采集数据完整性与风险项,P1T2N05-ACT05,室外核查室外采集数据完整性与风险项学习活动,learning_activity,P1,P1-T2,interactive_table,classification;boundary_checking,核查室外采集记录，标出缺项、冲突和风险项。,室外信息完整性核查单,室外信息完整性核查单,planned,pending_professional_media_data_review,high,reports/P1-T1_P1-T2基于V0.3.12主数据成组补拆验证实施计划.md;reports/P1-T1_P1-T2基于V0.3.12主数据成组补拆验证报告.md,计划资源或活动，尚未生产正式资源；需专业复核、媒体治理、数据安全审查、学生正文审查和平台验证。
BV0312-INC-P1G-034,P1T2-N06,输出室外信息采集成果并衔接后续任务,P1T2N06-C06,室外采集任务情境卡,resource_card,P1,P1-T2,task_card,case_intro;task_definition,整理室外采集成果包，并连接后续学习任务。,室外采集成果包,室外采集成果包,planned,pending_professional_media_data_review,medium,reports/P1-T1_P1-T2基于V0.3.12主数据成组补拆验证实施计划.md;reports/P1-T1_P1-T2基于V0.3.12主数据成组补拆验证报告.md,计划资源或活动，尚未生产正式资源；需专业复核、媒体治理、数据安全审查、学生正文审查和平台验证。
BV0312-INC-P1G-035,P1T2-N06,输出室外信息采集成果并衔接后续任务,P1T2N06-W06,室外采集成果包,worksheet,P1,P1-T2,worksheet,data_recording;quality_check,整理室外采集成果包，并连接后续学习任务。,室外采集成果包,室外采集成果包,planned,pending_professional_media_data_review,medium,reports/P1-T1_P1-T2基于V0.3.12主数据成组补拆验证实施计划.md;reports/P1-T1_P1-T2基于V0.3.12主数据成组补拆验证报告.md,计划资源或活动，尚未生产正式资源；需专业复核、媒体治理、数据安全审查、学生正文审查和平台验证。
BV0312-INC-P1G-036,P1T2-N06,输出室外信息采集成果并衔接后续任务,P1T2N06-ACT06,室外输出室外信息采集成果并衔接后续任务学习活动,learning_activity,P1,P1-T2,interactive_table,classification;boundary_checking,整理室外采集成果包，并连接后续学习任务。,室外采集成果包,室外采集成果包,planned,pending_professional_media_data_review,medium,reports/P1-T1_P1-T2基于V0.3.12主数据成组补拆验证实施计划.md;reports/P1-T1_P1-T2基于V0.3.12主数据成组补拆验证报告.md,计划资源或活动，尚未生产正式资源；需专业复核、媒体治理、数据安全审查、学生正文审查和平台验证。
