v03_record_id,node_id,node_name,node_layer,parent_node_id,project_id,project_title,task_id,task_title,primary_job_process_id,secondary_job_process_ids,primary_ability_unit_id,secondary_ability_unit_ids,source_type,source_ref_id,source_maturity,student_title,student_learning_goal,student_action,student_output,assessment_output,resource_card_ids,resource_type,learning_activity_type,node_status,audit_status,review_required_type,risk_level,media_handling_status,professional_risk_type,version_status,v03_maturity,source_files,notes
N-V03-0001,COURSE-5G-NETOPT,5G网络优化教材（高级）,course_root,not_applicable,not_applicable,,not_applicable,,not_applicable,,not_applicable,,original_textbook;overall_prototype,5G网络优化教材（高级).docx;overall-0.2,skeleton_from_input,5G网络优化教材（高级）,按项目任务逐步学习网络优化、验证、提升和复盘。,进入课程项目链并选择学习任务。,课程学习记录和任务产出集合,整课学习成果档案,,,,baseline,pending_editorial_review,editorial;professional;platform,medium,,,current,course_skeleton,samples/digital_textbook_overall_prototype/data.js,V0.3根节点，用于统一挂接项目、任务、详细能力节点、资源和生成物。
N-V03-0002,B-01,专业教学标准,basis,COURSE-5G-NETOPT,not_applicable,,not_applicable,,not_applicable,,not_applicable,,policy_document;professional_standard;digital_textbook_standard;ai_inference,reports/课程能力图谱V2优化方案.md,summary_basis,专业教学标准,移动通信网络规划与优化涉及站点勘察、网络测试、数据分析、信令分析、优化方案、优化实施和报告输出。,不直接面向学生，作为课程能力图谱依据层。,not_applicable,not_applicable,,,,baseline,pending_editorial_review,editorial;professional,medium,,,current,basis_summary,samples/course_capability_graph_v2_optimized/data.js,移动通信网络规划与优化涉及站点勘察、网络测试、数据分析、信令分析、优化方案、优化实施和报告输出。
N-V03-0003,B-02,岗位任务,basis,COURSE-5G-NETOPT,not_applicable,,not_applicable,,not_applicable,,not_applicable,,policy_document;professional_standard;digital_textbook_standard;ai_inference,reports/课程能力图谱V2优化方案.md,summary_basis,岗位任务,面向信息通信网络运行、维护、管理与优化，强调分析网络运行状况、提出优化建议、制定方案、评估效果。,不直接面向学生，作为课程能力图谱依据层。,not_applicable,not_applicable,,,,baseline,pending_editorial_review,editorial;professional,medium,,,current,basis_summary,samples/course_capability_graph_v2_optimized/data.js,面向信息通信网络运行、维护、管理与优化，强调分析网络运行状况、提出优化建议、制定方案、评估效果。
N-V03-0004,B-03,数字教材标准,basis,COURSE-5G-NETOPT,not_applicable,,not_applicable,,not_applicable,,not_applicable,,policy_document;professional_standard;digital_textbook_standard;ai_inference,reports/课程能力图谱V2优化方案.md,summary_basis,数字教材标准,资源、题目、实训任务、评价、审核状态和使用数据需要结构化挂接。,不直接面向学生，作为课程能力图谱依据层。,not_applicable,not_applicable,,,,baseline,pending_editorial_review,editorial;professional,medium,,,current,basis_summary,samples/course_capability_graph_v2_optimized/data.js,资源、题目、实训任务、评价、审核状态和使用数据需要结构化挂接。
N-V03-0005,B-04,职业教育关键要素改革,basis,COURSE-5G-NETOPT,not_applicable,,not_applicable,,not_applicable,,not_applicable,,policy_document;professional_standard;digital_textbook_standard;ai_inference,reports/课程能力图谱V2优化方案.md,summary_basis,职业教育关键要素改革,课程能力图谱应按产业环节、生产流程和职业逻辑组织，而不是按传统章节孤立组织。,不直接面向学生，作为课程能力图谱依据层。,not_applicable,not_applicable,,,,baseline,pending_editorial_review,editorial;professional,medium,,,current,basis_summary,samples/course_capability_graph_v2_optimized/data.js,课程能力图谱应按产业环节、生产流程和职业逻辑组织，而不是按传统章节孤立组织。
N-V03-0006,JP-01,明确场景与需求,job_process,B-01;B-04,not_applicable,,P1-T1;P1-T2;P1-T3,,JP-01,,not_applicable,,professional_standard;job_analysis;ai_inference,reports/课程能力图谱V2优化方案.md,job_process_baseline,明确场景与需求,收集站点、场景、投诉和业务需求，判断要解决什么问题。,作为项目任务组织的岗位过程，不单独作为学生任务。,not_applicable,not_applicable,,,,baseline,pending_professional_review,professional;editorial,medium,,,current,job_process_baseline,samples/course_capability_graph_v2_optimized/data.js,关联任务：P1-T1;P1-T2;P1-T3
N-V03-0007,JP-02,组织测试与采集数据,job_process,B-01;B-04,not_applicable,,P2-T1,,JP-02,,not_applicable,,professional_standard;job_analysis;ai_inference,reports/课程能力图谱V2优化方案.md,job_process_baseline,组织测试与采集数据,设计并执行DT/CQT、业务体验和必要专项测试。,作为项目任务组织的岗位过程，不单独作为学生任务。,not_applicable,not_applicable,,,,baseline,pending_professional_review,professional;editorial,medium,,,current,job_process_baseline,samples/course_capability_graph_v2_optimized/data.js,关联任务：P2-T1
N-V03-0008,JP-03,整理数据与识读指标,job_process,B-01;B-03,not_applicable,,P2-T2;P2-T3;P3-T2;P3-T3,,JP-03,,not_applicable,,professional_standard;job_analysis;ai_inference,reports/课程能力图谱V2优化方案.md,job_process_baseline,整理数据与识读指标,处理测试、监控、参数和日志材料，形成可判断的数据基础。,作为项目任务组织的岗位过程，不单独作为学生任务。,not_applicable,not_applicable,,,,baseline,pending_professional_review,professional;editorial,medium,,,current,job_process_baseline,samples/course_capability_graph_v2_optimized/data.js,关联任务：P2-T2;P2-T3;P3-T2;P3-T3
N-V03-0009,JP-04,定位问题与制定方案,job_process,B-01;B-02,not_applicable,,P2-T2;P3-T3;P4-T1,,JP-04,,not_applicable,,professional_standard;job_analysis;ai_inference,reports/课程能力图谱V2优化方案.md,job_process_baseline,定位问题与制定方案,识别覆盖、干扰、切换、容量、体验等问题，并形成优化方案。,作为项目任务组织的岗位过程，不单独作为学生任务。,not_applicable,not_applicable,,,,baseline,pending_professional_review,professional;editorial,medium,,,current,job_process_baseline,samples/course_capability_graph_v2_optimized/data.js,关联任务：P2-T2;P3-T3;P4-T1
N-V03-0010,JP-05,实施优化与记录变更,job_process,B-02,not_applicable,,P3-T4;P4-T1,,JP-05,,not_applicable,,professional_standard;job_analysis;ai_inference,reports/课程能力图谱V2优化方案.md,job_process_baseline,实施优化与记录变更,执行参数、工程、容量或策略优化，并记录实施依据。,作为项目任务组织的岗位过程，不单独作为学生任务。,not_applicable,not_applicable,,,,baseline,pending_professional_review,professional;editorial,medium,,,current,job_process_baseline,samples/course_capability_graph_v2_optimized/data.js,关联任务：P3-T4;P4-T1
N-V03-0011,JP-06,验证效果与表达结论,job_process,B-01;B-03,not_applicable,,P4-T2;P4-T3,,JP-06,,not_applicable,,professional_standard;job_analysis;ai_inference,reports/课程能力图谱V2优化方案.md,job_process_baseline,验证效果与表达结论,复测优化效果，形成判断、依据、边界和报告表达。,作为项目任务组织的岗位过程，不单独作为学生任务。,not_applicable,not_applicable,,,,baseline,pending_professional_review,professional;editorial,medium,,,current,job_process_baseline,samples/course_capability_graph_v2_optimized/data.js,关联任务：P4-T2;P4-T3
N-V03-0012,JP-07,持续提升与复杂复盘,job_process,B-01;B-02,not_applicable,,P5-T1;P5-T2;P5-T3;P6-T1;P6-T2,,JP-07,,not_applicable,,professional_standard;job_analysis;ai_inference,reports/课程能力图谱V2优化方案.md,job_process_baseline,持续提升与复杂复盘,对未闭环问题做性能提升、信令分析和复杂问题复盘。,作为项目任务组织的岗位过程，不单独作为学生任务。,not_applicable,not_applicable,,,,baseline,pending_professional_review,professional;editorial,medium,,,current,job_process_baseline,samples/course_capability_graph_v2_optimized/data.js,关联任务：P5-T1;P5-T2;P5-T3;P6-T1;P6-T2
N-V03-0013,AU-01,场景、站点与投诉信息采集,ability_unit,JP-01,not_applicable,,P1-T1;P1-T2;P1-T3,,JP-01,,AU-01,,professional_standard;job_analysis;ai_inference,reports/课程能力图谱V2优化方案.md;reports/课程能力图谱V2节点与映射表.csv,skeleton_from_input,场景、站点与投诉信息采集,能采集并整理站点、环境、投诉和场景信息。,采集核验、投诉归类,采集清单、投诉映射,采集清单、投诉映射,pending,采集表、投诉单、场景图,采集核验、投诉归类,draft,pending_professional_review,professional;editorial,low,,,current,ability_unit_skeleton,samples/course_capability_graph_v2_optimized/data.js,待细化
N-V03-0014,AU-02,测试准备与测试执行,ability_unit,JP-02,not_applicable,,P2-T1,,JP-02,,AU-02,,professional_standard;job_analysis;ai_inference,reports/课程能力图谱V2优化方案.md;reports/课程能力图谱V2节点与映射表.csv,skeleton_from_input,测试准备与测试执行,能完成DT/CQT测试准备和执行。,测试准备核对、流程排序,测试执行记录,测试执行记录,pending,测试任务书、路线图、工具清单,测试准备核对、流程排序,draft,pending_professional_review,professional;editorial,low,,,current,ability_unit_skeleton,samples/course_capability_graph_v2_optimized/data.js,待细化
N-V03-0015,AU-03,测试问题处理与数据分析,ability_unit,JP-03,not_applicable,,P2-T2;P2-T3,,JP-03,,AU-03,,professional_standard;job_analysis;ai_inference,reports/课程能力图谱V2优化方案.md;reports/课程能力图谱V2节点与映射表.csv,validated_by_trial_split,测试问题处理与数据分析,能处理测试问题并分析测试数据。,读表标注、问题归因,测试数据分析结论,测试数据分析结论,pending,测试指标表、问题日志、轨迹图,读表标注、问题归因,baseline,pending_professional_review,professional;editorial,medium,,,current,ability_unit_trial_validated,samples/course_capability_graph_v2_optimized/data.js,P2-T3已试拆；待专业复核
N-V03-0016,AU-04,网管、监控与参数信息管理,ability_unit,JP-03,not_applicable,,P3-T1;P3-T2;P3-T3;P3-T4,,JP-03,,AU-04,,professional_standard;job_analysis;ai_inference,reports/课程能力图谱V2优化方案.md;reports/课程能力图谱V2节点与映射表.csv,skeleton_from_input,网管、监控与参数信息管理,能识别网管功能、监控运行状态并管理参数。,运行状态读表、参数检查,监控异常记录、参数异常清单,监控异常记录、参数异常清单,pending,网管结构图、监控表、参数表,运行状态读表、参数检查,draft,pending_professional_review,professional;editorial,low,,,current,ability_unit_skeleton,samples/course_capability_graph_v2_optimized/data.js,待细化
N-V03-0017,AU-05,网络问题定位与方案制定,ability_unit,JP-04,not_applicable,,P2-T2;P3-T3;P4-T1,,JP-04,,AU-05,,professional_standard;job_analysis;ai_inference,reports/课程能力图谱V2优化方案.md;reports/课程能力图谱V2节点与映射表.csv,skeleton_from_input,网络问题定位与方案制定,能从现象和数据定位问题并选择优化动作。,问题归因、动作匹配,优化方案草案,优化方案草案,pending,问题清单、方案卡、参数对比,问题归因、动作匹配,draft,pending_professional_review,professional;editorial,low,,,current,ability_unit_skeleton,samples/course_capability_graph_v2_optimized/data.js,待细化
N-V03-0018,AU-06,优化实施与变更记录,ability_unit,JP-05,not_applicable,,P3-T4;P4-T1,,JP-05,,AU-06,,professional_standard;job_analysis;ai_inference,reports/课程能力图谱V2优化方案.md;reports/课程能力图谱V2节点与映射表.csv,skeleton_from_input,优化实施与变更记录,能执行优化方案并保留变更记录。,步骤排序、风险确认,优化实施记录,优化实施记录,pending,操作流程、变更记录表,步骤排序、风险确认,draft,pending_professional_review,professional;editorial,low,,,current,ability_unit_skeleton,samples/course_capability_graph_v2_optimized/data.js,待细化
N-V03-0019,AU-07,优化结果验证,ability_unit,JP-06,not_applicable,,P4-T2,,JP-06,,AU-07,,professional_standard;job_analysis;ai_inference,reports/课程能力图谱V2优化方案.md;reports/课程能力图谱V2节点与映射表.csv,validated_by_trial_split,优化结果验证,能判断优化是否达标，并说明依据和边界。,投诉归类、流程排序、指标标注、依据分类,验收结论,验收结论,pending,指标表、投诉线索卡、学习单、结论卡,投诉归类、流程排序、指标标注、依据分类,baseline,pending_professional_review,professional;editorial,medium,,,current,ability_unit_trial_validated,samples/course_capability_graph_v2_optimized/data.js,已深展开；待专业复核
N-V03-0020,AU-08,优化报告与职业表达,ability_unit,JP-06,not_applicable,,P4-T3,,JP-06,,AU-08,,professional_standard;job_analysis;ai_inference,reports/课程能力图谱V2优化方案.md;reports/课程能力图谱V2节点与映射表.csv,skeleton_from_input,优化报告与职业表达,能将验证结论整理为优化报告和可讲评表达。,报告结构组织、结论修订,优化报告输出样例,优化报告输出样例,pending,报告模板、结论示例、修改量规,报告结构组织、结论修订,draft,pending_professional_review,professional;editorial,low,,,current,ability_unit_skeleton,samples/course_capability_graph_v2_optimized/data.js,待细化
N-V03-0021,AU-09,全网性能提升与复测,ability_unit,JP-07,not_applicable,,P5-T1;P5-T2;P5-T3,,JP-07,,AU-09,,professional_standard;job_analysis;ai_inference,reports/课程能力图谱V2优化方案.md;reports/课程能力图谱V2节点与映射表.csv,validated_by_trial_split,全网性能提升与复测,能采集全网指标、实施性能提升并复测效果。,性能对比、方案选择、复测判断,性能提升验证结论,性能提升验证结论,pending,全网KPI、性能对比图、复测记录,性能对比、方案选择、复测判断,baseline,pending_professional_review,professional;editorial,medium,,,current,ability_unit_trial_validated,samples/course_capability_graph_v2_optimized/data.js,P5-T3已试拆；有条件成立；待专业复核和媒体审查
N-V03-0022,AU-10,信令分析与复杂问题复盘,ability_unit,JP-07,not_applicable,,P6-T1;P6-T2,,JP-07,,AU-10,,professional_standard;job_analysis;ai_inference,reports/课程能力图谱V2优化方案.md;reports/课程能力图谱V2节点与映射表.csv,validated_by_trial_split,信令分析与复杂问题复盘,能解析关键流程并定位复杂信令问题。,流程标注、异常定位、复盘表达,信令分析结论,信令分析结论,pending,信令流程图、异常日志、复盘单,流程标注、异常定位、复盘表达,baseline,pending_professional_review,professional;editorial,medium,,,current,ability_unit_trial_validated,samples/course_capability_graph_v2_optimized/data.js,P6-T2已试拆；有条件成立；待专业复核和媒体审查
N-V03-0023,CG-01,信息采集,course_mainline,COURSE-5G-NETOPT,P1,,not_applicable,,not_applicable,,not_applicable,,original_textbook;overall_prototype;ai_inference,samples/digital_textbook_overall_prototype/data.js,course_skeleton,信息采集,收集投诉、环境、设备和测试前置信息。,按课程主链定位当前项目任务。,学习路径定位,not_applicable,,,,draft,pending_editorial_review,editorial;professional,low,,,current,course_mainline_skeleton,samples/digital_textbook_overall_prototype/data.js,next=CG-02
N-V03-0024,CG-02,网络测试,course_mainline,COURSE-5G-NETOPT,P2,,not_applicable,,not_applicable,,not_applicable,,original_textbook;overall_prototype;ai_inference,samples/digital_textbook_overall_prototype/data.js,course_skeleton,网络测试,完成DT/CQT测试、问题处理和测试数据分析。,按课程主链定位当前项目任务。,学习路径定位,not_applicable,,,,draft,pending_editorial_review,editorial;professional,low,,,current,course_mainline_skeleton,samples/digital_textbook_overall_prototype/data.js,next=CG-03
N-V03-0025,CG-03,信息管理,course_mainline,COURSE-5G-NETOPT,P3,,not_applicable,,not_applicable,,not_applicable,,original_textbook;overall_prototype;ai_inference,samples/digital_textbook_overall_prototype/data.js,course_skeleton,信息管理,整理网管、运行监控和参数信息。,按课程主链定位当前项目任务。,学习路径定位,not_applicable,,,,draft,pending_editorial_review,editorial;professional,low,,,current,course_mainline_skeleton,samples/digital_textbook_overall_prototype/data.js,next=CG-04
N-V03-0026,CG-04,优化实施,course_mainline,COURSE-5G-NETOPT,P4,,not_applicable,,not_applicable,,not_applicable,,original_textbook;overall_prototype;ai_inference,samples/digital_textbook_overall_prototype/data.js,course_skeleton,优化实施,实施优化方案，是结果验证的直接前置环节。,按课程主链定位当前项目任务。,学习路径定位,not_applicable,,,,draft,pending_editorial_review,editorial;professional,low,,,current,course_mainline_skeleton,samples/digital_textbook_overall_prototype/data.js,next=CG-05
N-V03-0027,CG-05,结果验证,course_mainline,COURSE-5G-NETOPT,P4,,not_applicable,,not_applicable,,not_applicable,,original_textbook;overall_prototype;ai_inference,samples/digital_textbook_overall_prototype/data.js,course_skeleton,结果验证,复核优化后是否达到目标，当前以P4-T2作为深样章。,按课程主链定位当前项目任务。,学习路径定位,not_applicable,,,,review_ready,pending_editorial_review,editorial;professional,medium,,,current,course_mainline_skeleton,samples/digital_textbook_overall_prototype/data.js,next=CG-06
N-V03-0028,CG-06,性能提升,course_mainline,COURSE-5G-NETOPT,P5,,not_applicable,,not_applicable,,not_applicable,,original_textbook;overall_prototype;ai_inference,samples/digital_textbook_overall_prototype/data.js,course_skeleton,性能提升,在验收基础上继续做全网性能提升。,按课程主链定位当前项目任务。,学习路径定位,not_applicable,,,,draft,pending_editorial_review,editorial;professional,low,,,current,course_mainline_skeleton,samples/digital_textbook_overall_prototype/data.js,next=CG-07
N-V03-0029,CG-07,信令分析,course_mainline,COURSE-5G-NETOPT,P6,,not_applicable,,not_applicable,,not_applicable,,original_textbook;overall_prototype;ai_inference,samples/digital_textbook_overall_prototype/data.js,course_skeleton,信令分析,面向复杂问题进行信令级分析和优化。,按课程主链定位当前项目任务。,学习路径定位,not_applicable,,,,draft,pending_editorial_review,editorial;professional,low,,,current,course_mainline_skeleton,samples/digital_textbook_overall_prototype/data.js,next=none
N-V03-0030,P1,项目一：5G网络信息采集,project,CG-01,P1,项目一：5G网络信息采集,P1-T1;P1-T2;P1-T3,任务1：室内环境信息采集;任务2：室外环境信息采集;任务3：投诉信息采集,not_applicable,,not_applicable,,original_textbook;overall_prototype,reports/fullbook_structure.json;reports/task_inventory.csv;samples/digital_textbook_overall_prototype/data.js,skeleton_from_input,项目一：5G网络信息采集,完成室内、室外和投诉信息采集，为后续测试和优化建立事实基础。,选择项目并进入任务链。,采集信息完整性记录;室外环境采集清单;投诉线索到验证对象的初步映射,采集信息完整性记录;室外环境采集清单;投诉线索到验证对象的初步映射,,,,draft,pending_editorial_review,editorial;professional,low,,,current,project_skeleton,samples/digital_textbook_overall_prototype/data.js,结构占位
N-V03-0031,P1-T1,任务1：室内环境信息采集,project_task,P1,P1,项目一：5G网络信息采集,P1-T1,任务1：室内环境信息采集,not_applicable,,not_applicable,,original_textbook;overall_prototype,reports/task_inventory.csv;samples/digital_textbook_overall_prototype/data.js,skeleton_from_input,任务1：室内环境信息采集,室内信息核验,室内信息核验,采集信息完整性记录,采集信息完整性记录,,,,draft,source_extracted,professional;editorial,low,,,current,task_skeleton_only,samples/digital_textbook_overall_prototype/data.js,结构占位
N-V03-0032,P1-T2,任务2：室外环境信息采集,project_task,P1,P1,项目一：5G网络信息采集,P1-T2,任务2：室外环境信息采集,not_applicable,,not_applicable,,original_textbook;overall_prototype,reports/task_inventory.csv;samples/digital_textbook_overall_prototype/data.js,skeleton_from_input,任务2：室外环境信息采集,室外场景信息整理,室外场景信息整理,室外环境采集清单,室外环境采集清单,,,,draft,source_extracted,professional;editorial,low,,,current,task_skeleton_only,samples/digital_textbook_overall_prototype/data.js,结构占位
N-V03-0033,P1-T3,任务3：投诉信息采集,project_task,P1,P1,项目一：5G网络信息采集,P1-T3,任务3：投诉信息采集,not_applicable,,not_applicable,,original_textbook;overall_prototype,reports/task_inventory.csv;samples/digital_textbook_overall_prototype/data.js,skeleton_from_input,任务3：投诉信息采集,投诉线索分类,投诉线索分类,投诉线索到验证对象的初步映射,投诉线索到验证对象的初步映射,,,,draft,source_extracted,professional;editorial,low,,,current,task_skeleton_only,samples/digital_textbook_overall_prototype/data.js,结构占位
N-V03-0034,P2,项目二：5G网络测试,project,CG-02,P2,项目二：5G网络测试,P2-T1;P2-T2;P2-T3,任务1：DT/CQT测试准备和执行;任务2：5G网络测试问题处理;任务3：5G网络测试数据分析,not_applicable,,not_applicable,,original_textbook;overall_prototype,reports/fullbook_structure.json;reports/task_inventory.csv;samples/digital_textbook_overall_prototype/data.js,skeleton_from_input,项目二：5G网络测试,完成DT/CQT测试、测试问题处理和测试数据分析，为优化提供可复核数据。,选择项目并进入任务链。,测试执行记录;问题处理记录和依据说明;测试数据分析结论,测试执行记录;问题处理记录和依据说明;测试数据分析结论,,,,draft,pending_editorial_review,editorial;professional,low,,,current,project_skeleton,samples/digital_textbook_overall_prototype/data.js,结构占位
N-V03-0035,P2-T1,任务1：DT/CQT测试准备和执行,project_task,P2,P2,项目二：5G网络测试,P2-T1,任务1：DT/CQT测试准备和执行,not_applicable,,not_applicable,,original_textbook;overall_prototype,reports/task_inventory.csv;samples/digital_textbook_overall_prototype/data.js,skeleton_from_input,任务1：DT/CQT测试准备和执行,测试准备与执行流程排序,测试准备与执行流程排序,测试执行记录,测试执行记录,,,,draft,source_extracted,professional;editorial,low,,,current,task_skeleton_only,samples/digital_textbook_overall_prototype/data.js,结构占位
N-V03-0036,P2-T2,任务2：5G网络测试问题处理,project_task,P2,P2,项目二：5G网络测试,P2-T2,任务2：5G网络测试问题处理,not_applicable,,not_applicable,,original_textbook;overall_prototype,reports/task_inventory.csv;samples/digital_textbook_overall_prototype/data.js,skeleton_from_input,任务2：5G网络测试问题处理,测试问题归因,测试问题归因,问题处理记录和依据说明,问题处理记录和依据说明,,,,draft,source_extracted,professional;editorial,low,,,current,task_skeleton_only,samples/digital_textbook_overall_prototype/data.js,结构占位
N-V03-0037,P2-T3,任务3：5G网络测试数据分析,project_task,P2,P2,项目二：5G网络测试,P2-T3,任务3：5G网络测试数据分析,not_applicable,,not_applicable,,original_textbook;overall_prototype,reports/task_inventory.csv;samples/digital_textbook_overall_prototype/data.js,skeleton_from_input,任务3：5G网络测试数据分析,测试数据读表与判断,测试数据读表与判断,测试数据分析结论,测试数据分析结论,,,,draft,source_extracted,professional;editorial,low,,,current,task_skeleton_only,samples/digital_textbook_overall_prototype/data.js,结构占位
N-V03-0038,P3,项目三：5G网络信息管理,project,CG-03,P3,项目三：5G网络信息管理,P3-T1;P3-T2;P3-T3;P3-T4,任务1：5G网管架构和功能;任务2：5G网络运行监控;任务3：5G网络参数检查;任务4：5G网络参数设置,not_applicable,,not_applicable,,original_textbook;overall_prototype,reports/fullbook_structure.json;reports/task_inventory.csv;samples/digital_textbook_overall_prototype/data.js,skeleton_from_input,项目三：5G网络信息管理,识别网管架构、监控运行状态、检查并设置参数，形成可管理的信息基础。,选择项目并进入任务链。,网管功能用途说明;监控异常识别记录;参数异常清单;参数设置记录,网管功能用途说明;监控异常识别记录;参数异常清单;参数设置记录,,,,draft,pending_editorial_review,editorial;professional,low,,,current,project_skeleton,samples/digital_textbook_overall_prototype/data.js,结构占位
N-V03-0039,P3-T1,任务1：5G网管架构和功能,project_task,P3,P3,项目三：5G网络信息管理,P3-T1,任务1：5G网管架构和功能,not_applicable,,not_applicable,,original_textbook;overall_prototype,reports/task_inventory.csv;samples/digital_textbook_overall_prototype/data.js,skeleton_from_input,任务1：5G网管架构和功能,网管功能识别,网管功能识别,网管功能用途说明,网管功能用途说明,,,,draft,source_extracted,professional;editorial,low,,,current,task_skeleton_only,samples/digital_textbook_overall_prototype/data.js,结构占位
N-V03-0040,P3-T2,任务2：5G网络运行监控,project_task,P3,P3,项目三：5G网络信息管理,P3-T2,任务2：5G网络运行监控,not_applicable,,not_applicable,,original_textbook;overall_prototype,reports/task_inventory.csv;samples/digital_textbook_overall_prototype/data.js,skeleton_from_input,任务2：5G网络运行监控,运行状态读表,运行状态读表,监控异常识别记录,监控异常识别记录,,,,draft,source_extracted,professional;editorial,low,,,current,task_skeleton_only,samples/digital_textbook_overall_prototype/data.js,结构占位
N-V03-0041,P3-T3,任务3：5G网络参数检查,project_task,P3,P3,项目三：5G网络信息管理,P3-T3,任务3：5G网络参数检查,not_applicable,,not_applicable,,original_textbook;overall_prototype,reports/task_inventory.csv;samples/digital_textbook_overall_prototype/data.js,skeleton_from_input,任务3：5G网络参数检查,参数一致性检查,参数一致性检查,参数异常清单,参数异常清单,,,,draft,source_extracted,professional;editorial,low,,,current,task_skeleton_only,samples/digital_textbook_overall_prototype/data.js,结构占位
N-V03-0042,P3-T4,任务4：5G网络参数设置,project_task,P3,P3,项目三：5G网络信息管理,P3-T4,任务4：5G网络参数设置,not_applicable,,not_applicable,,original_textbook;overall_prototype,reports/task_inventory.csv;samples/digital_textbook_overall_prototype/data.js,skeleton_from_input,任务4：5G网络参数设置,参数设置步骤确认,参数设置步骤确认,参数设置记录,参数设置记录,,,,draft,source_extracted,professional;editorial,low,,,current,task_skeleton_only,samples/digital_textbook_overall_prototype/data.js,结构占位
N-V03-0043,P4,项目四：5G端到端网络优化,project,CG-04/CG-05,P4,项目四：5G端到端网络优化,P4-T1;P4-T2;P4-T3,任务1：5G网络优化方案实施;任务2：5G网络优化结果验证;任务3：5G网络优化报告输出,not_applicable,,not_applicable,,original_textbook;overall_prototype,reports/fullbook_structure.json;reports/task_inventory.csv;samples/digital_textbook_overall_prototype/data.js,skeleton_from_input,项目四：5G端到端网络优化,从优化方案实施进入结果验证，再输出优化报告，形成端到端闭环。,选择项目并进入任务链。,优化实施记录;包含判断、依据、边界和建议的验收结论;优化报告输出样例,优化实施记录;包含判断、依据、边界和建议的验收结论;优化报告输出样例,,,,baseline,pending_editorial_review,editorial;professional,medium,,,current,project_skeleton,samples/digital_textbook_overall_prototype/data.js,当前重点项目
N-V03-0044,P4-T1,任务1：5G网络优化方案实施,project_task,P4,P4,项目四：5G端到端网络优化,P4-T1,任务1：5G网络优化方案实施,not_applicable,,not_applicable,,original_textbook;overall_prototype,reports/task_inventory.csv;samples/digital_textbook_overall_prototype/data.js,skeleton_from_input,任务1：5G网络优化方案实施,优化动作与问题匹配,优化动作与问题匹配,优化实施记录,优化实施记录,,,,draft,source_extracted,professional;editorial,low,,,current,task_skeleton_only,samples/digital_textbook_overall_prototype/data.js,结构占位
N-V03-0045,P4-T2,任务2：5G网络优化结果验证,project_task,P4,P4,项目四：5G端到端网络优化,P4-T2,任务2：5G网络优化结果验证,not_applicable,,not_applicable,,original_textbook;overall_prototype,reports/task_inventory.csv;samples/digital_textbook_overall_prototype/data.js,deep_sample_output,任务2：5G网络优化结果验证,投诉归类、流程排序、指标标注、依据分类、结论拼装,投诉归类、流程排序、指标标注、依据分类、结论拼装,包含判断、依据、边界和建议的验收结论,包含判断、依据、边界和建议的验收结论,,,,review_ready,teaching_transformed,professional;editorial,medium,,,current,task_deep_sample,samples/digital_textbook_overall_prototype/data.js,深样章已完成
N-V03-0046,P4-T3,任务3：5G网络优化报告输出,project_task,P4,P4,项目四：5G端到端网络优化,P4-T3,任务3：5G网络优化报告输出,not_applicable,,not_applicable,,original_textbook;overall_prototype,reports/task_inventory.csv;samples/digital_textbook_overall_prototype/data.js,skeleton_from_input,任务3：5G网络优化报告输出,报告结构组织,报告结构组织,优化报告输出样例,优化报告输出样例,,,,draft,source_extracted,professional;editorial,low,,,current,task_skeleton_only,samples/digital_textbook_overall_prototype/data.js,结构占位
N-V03-0047,P5,项目五：5G全网性能提升,project,CG-06,P5,项目五：5G全网性能提升,P5-T1;P5-T2;P5-T3,任务1：5G全网性能指标采集;任务2：5G全网性能提升实施;任务3：5G全网性能提升验证,not_applicable,,not_applicable,,original_textbook;overall_prototype,reports/fullbook_structure.json;reports/task_inventory.csv;samples/digital_textbook_overall_prototype/data.js,skeleton_from_input,项目五：5G全网性能提升,采集全网性能指标、实施性能提升并验证提升效果。,选择项目并进入任务链。,全网指标采集记录;性能提升实施记录;提升效果评价结论,全网指标采集记录;性能提升实施记录;提升效果评价结论,,,,draft,pending_editorial_review,editorial;professional,low,,,current,project_skeleton,samples/digital_textbook_overall_prototype/data.js,结构占位
N-V03-0048,P5-T1,任务1：5G全网性能指标采集,project_task,P5,P5,项目五：5G全网性能提升,P5-T1,任务1：5G全网性能指标采集,not_applicable,,not_applicable,,original_textbook;overall_prototype,reports/task_inventory.csv;samples/digital_textbook_overall_prototype/data.js,skeleton_from_input,任务1：5G全网性能指标采集,性能指标采集,性能指标采集,全网指标采集记录,全网指标采集记录,,,,draft,source_extracted,professional;editorial,low,,,current,task_skeleton_only,samples/digital_textbook_overall_prototype/data.js,结构占位
N-V03-0049,P5-T2,任务2：5G全网性能提升实施,project_task,P5,P5,项目五：5G全网性能提升,P5-T2,任务2：5G全网性能提升实施,not_applicable,,not_applicable,,original_textbook;overall_prototype,reports/task_inventory.csv;samples/digital_textbook_overall_prototype/data.js,skeleton_from_input,任务2：5G全网性能提升实施,性能提升动作选择,性能提升动作选择,性能提升实施记录,性能提升实施记录,,,,draft,source_extracted,professional;editorial,low,,,current,task_skeleton_only,samples/digital_textbook_overall_prototype/data.js,结构占位
N-V03-0050,P5-T3,任务3：5G全网性能提升验证,project_task,P5,P5,项目五：5G全网性能提升,P5-T3,任务3：5G全网性能提升验证,not_applicable,,not_applicable,,original_textbook;overall_prototype,reports/task_inventory.csv;samples/digital_textbook_overall_prototype/data.js,skeleton_from_input,任务3：5G全网性能提升验证,性能提升效果验证,性能提升效果验证,提升效果评价结论,提升效果评价结论,,,,draft,source_extracted,professional;editorial,low,,,current,task_skeleton_only,samples/digital_textbook_overall_prototype/data.js,结构占位
N-V03-0051,P6,项目六：5G信令分析,project,CG-07,P6,项目六：5G信令分析,P6-T1;P6-T2,任务1：5G关键信令流程及解析;任务2：5G信令问题分析及优化,not_applicable,,not_applicable,,original_textbook;overall_prototype,reports/fullbook_structure.json;reports/task_inventory.csv;samples/digital_textbook_overall_prototype/data.js,skeleton_from_input,项目六：5G信令分析,识读关键信令流程，并对复杂信令问题进行分析与优化。,选择项目并进入任务链。,信令流程说明;信令问题分析结论,信令流程说明;信令问题分析结论,,,,draft,pending_editorial_review,editorial;professional,low,,,current,project_skeleton,samples/digital_textbook_overall_prototype/data.js,结构占位
N-V03-0052,P6-T1,任务1：5G关键信令流程及解析,project_task,P6,P6,项目六：5G信令分析,P6-T1,任务1：5G关键信令流程及解析,not_applicable,,not_applicable,,original_textbook;overall_prototype,reports/task_inventory.csv;samples/digital_textbook_overall_prototype/data.js,skeleton_from_input,任务1：5G关键信令流程及解析,信令流程识读,信令流程识读,信令流程说明,信令流程说明,,,,draft,source_extracted,professional;editorial,low,,,current,task_skeleton_only,samples/digital_textbook_overall_prototype/data.js,结构占位
N-V03-0053,P6-T2,任务2：5G信令问题分析及优化,project_task,P6,P6,项目六：5G信令分析,P6-T2,任务2：5G信令问题分析及优化,not_applicable,,not_applicable,,original_textbook;overall_prototype,reports/task_inventory.csv;samples/digital_textbook_overall_prototype/data.js,skeleton_from_input,任务2：5G信令问题分析及优化,信令问题定位,信令问题定位,信令问题分析结论,信令问题分析结论,,,,draft,source_extracted,professional;editorial,low,,,current,task_skeleton_only,samples/digital_textbook_overall_prototype/data.js,结构占位
N-V03-0054,P2T3-N01,明确分析任务与数据来源,detail_capability,AU-03,P2,项目二：5G网络测试,P2-T3,任务3 5G网络测试数据分析,JP-03,none,AU-03,none,original_textbook;professional_standard;digital_textbook_standard;ai_inference,textbook:P2-T3;capability_graph_v2:AU-03;trial_split:P2-T3,v0.2_detail_field_table,先弄清要分析哪一份测试数据,我能说清本次要分析的LOG、场景和业务问题。,核对任务说明、数据来源和场景，填写分析任务单。,数据分析任务单,完成的数据分析任务单,P2T3-C01;P2T3-C02,text_card;worksheet;table,case_intro;data_reading,trial_split,pending_professional_review,professional;editorial,medium,not_applicable,data_source;procedure,current,trial_split_detail_node,reports/P2-T3详细能力节点字段表V0.2.csv,需专业教师确认任务单字段是否覆盖网优数据分析真实入口。
N-V03-0055,P2T3-N02,完成LOG导入与报告导出,detail_capability,AU-03,P2,项目二：5G网络测试,P2-T3,任务3 5G网络测试数据分析,JP-03,none,AU-03,none,original_textbook;professional_standard;digital_textbook_standard;ai_inference,textbook:P2-T3;capability_graph_v2:AU-03;trial_split:P2-T3,v0.2_detail_field_table,把LOG导入，并确认报告里有什么字段,我能完成导入、导出，并知道报告中的字段能支持哪些判断。,按流程排序导入步骤，核对导出报告字段清单。,导入导出流程记录,导入导出流程记录和字段核对表,P2T3-C03;P2T3-C04,text_card;worksheet;redrawn_image;report_template,process_ordering;data_reading,trial_split,pending_media_review,professional;media;editorial,medium,redraw_required,procedure;tool_screenshot,current,trial_split_detail_node,reports/P2-T3详细能力节点字段表V0.2.csv,需确认重绘流程图不误导真实软件操作边界。
N-V03-0056,P2T3-N03,识读关键指标与判断边界,detail_capability,AU-03,P2,项目二：5G网络测试,P2-T3,任务3 5G网络测试数据分析,JP-03,JP-06,AU-03,AU-07,original_textbook;professional_standard;digital_textbook_standard;ai_inference,textbook:P2-T3;capability_graph_v2:AU-03;trial_split:P2-T3,v0.2_detail_field_table,读懂关键指标能说明什么,我能把指标数值、指标含义和可能问题联系起来。,阅读指标表，标出每个指标能支持的判断类型和边界。,指标读法与边界表,指标读法与边界表,P2T3-C05;P2T3-C06;P2T3-C07,text_card;table;chart;worksheet;assessment_item,data_reading;metric_annotation,trial_split,pending_professional_review,professional;editorial,medium,not_applicable,threshold;terminology,current,trial_split_detail_node,reports/P2-T3详细能力节点字段表V0.2.csv,需专业教师复核指标边界表，避免固化不适用于全部场景的阈值。
N-V03-0057,P2T3-N04,判断覆盖类异常,detail_capability,AU-03,P2,项目二：5G网络测试,P2-T3,任务3 5G网络测试数据分析,JP-03,JP-06,AU-03,AU-07,original_textbook;professional_standard;digital_textbook_standard;ai_inference,textbook:P2-T3;capability_graph_v2:AU-03;trial_split:P2-T3,v0.2_detail_field_table,判断是不是覆盖类异常,我能用指标和位置证据判断弱覆盖或覆盖不连续问题。,阅读覆盖指标表和采样点示意图，标出异常点并写出判断理由。,覆盖异常判断记录,覆盖异常判断记录,P2T3-C08;P2T3-C09;P2T3-C10,simulation_case;table;chart;worksheet;assessment_item,data_reading;metric_annotation;problem_diagnosis,trial_split,pending_professional_review,professional;editorial,medium,not_applicable,threshold;case_logic;conclusion,current,trial_split_detail_node,reports/P2-T3详细能力节点字段表V0.2.csv,需专业教师确认案例数据和覆盖判断逻辑是否正确。
N-V03-0058,P2T3-N05,判断移动性/邻区异常,detail_capability,AU-03,P2,项目二：5G网络测试,P2-T3,任务3 5G网络测试数据分析,JP-03,JP-04;JP-06,AU-03,AU-05;AU-07,original_textbook;professional_standard;digital_textbook_standard;ai_inference,textbook:P2-T3;capability_graph_v2:AU-03;trial_split:P2-T3,v0.2_detail_field_table,判断是不是切换或邻区出了问题,我能把掉线、切换失败、邻区漏配等现象和证据对应起来。,排序证据链，核对测量报告、切换命令和配置检查表，判断异常类型。,移动性异常证据链,移动性异常证据链,P2T3-C11;P2T3-C12;P2T3-C13,simulation_case;table;redrawn_image;worksheet;assessment_item,process_ordering;evidence_classification;problem_diagnosis,trial_split,pending_professional_review,professional;media;editorial,medium,redraw_required,case_logic;signal_analysis;conclusion,current,trial_split_detail_node,reports/P2-T3详细能力节点字段表V0.2.csv,需专业教师确认邻区和切换案例是否符合网优诊断逻辑；媒体需重绘。
N-V03-0059,P2T3-N06,归纳问题类型与原因链,detail_capability,AU-05,P2,项目二：5G网络测试,P2-T3,任务3 5G网络测试数据分析,JP-04,JP-06,AU-05,AU-07,original_textbook;professional_standard;digital_textbook_standard;ai_inference,textbook:P2-T3;capability_graph_v2:AU-03;trial_split:P2-T3,v0.2_detail_field_table,把异常现象整理成原因链,我能把“看见的问题”整理成“为什么发生、该往哪处理”。,将覆盖、邻区、切换等证据归类，补全现象-指标-原因-方向链。,异常问题清单,异常问题清单和原因链,P2T3-C14;P2T3-C15,text_card;worksheet;assessment_item;rubric,evidence_classification;problem_diagnosis;reflection_summary,trial_split,pending_professional_review,professional;editorial,medium,not_applicable,case_logic;conclusion,current,trial_split_detail_node,reports/P2-T3详细能力节点字段表V0.2.csv,需专业教师复核问题类型分类与原因链是否符合网优分析逻辑。
N-V03-0060,P2T3-N07,制定整改建议,detail_capability,AU-05,P2,项目二：5G网络测试,P2-T3,任务3 5G网络测试数据分析,JP-04,JP-05,AU-05,AU-06,original_textbook;professional_standard;digital_textbook_standard;ai_inference,textbook:P2-T3;capability_graph_v2:AU-03;trial_split:P2-T3,v0.2_detail_field_table,给出可执行的整改建议,我能说明建议改什么、为什么改、改完怎么验证。,把问题原因与整改动作匹配，检查风险提示和验证方式。,整改建议卡,整改建议卡,P2T3-C16;P2T3-C17;P2T3-C18,text_card;worksheet;assessment_item;rubric,proposal_matching;risk_checking,trial_split,pending_professional_review,professional;editorial,medium,not_applicable,procedure;conclusion,current,trial_split_detail_node,reports/P2-T3详细能力节点字段表V0.2.csv,需专业教师复核整改动作是否正确，避免给出不当工程建议。
N-V03-0061,P2T3-N08,输出分析报告并连接复测,detail_capability,AU-03,P2,项目二：5G网络测试,P2-T3,任务3 5G网络测试数据分析,JP-03,JP-06,AU-03,AU-08;AU-07,original_textbook;professional_standard;digital_textbook_standard;ai_inference,textbook:P2-T3;capability_graph_v2:AU-03;trial_split:P2-T3,v0.2_detail_field_table,写出测试数据分析报告，并说明复测要求,我能把前面的分析写成别人看得懂、能接着执行的报告。,按报告模板组织结论，补充证据、建议和复测指标。,测试数据分析报告,测试数据分析报告和修订记录,P2T3-C19;P2T3-C20;P2T3-C21,report_template;worksheet;rubric;teacher_guide,report_output;conclusion_writing;reflection_summary,trial_split,pending_professional_review,professional;editorial,medium,not_applicable,conclusion;terminology,current,trial_split_detail_node,reports/P2-T3详细能力节点字段表V0.2.csv,需专业教师复核报告模板和结论表达是否符合网优岗位文件要求。
N-V03-0062,P4T2-N01,识别验证场景,detail_capability,AU-07,P4,项目四：5G端到端网络优化,P4-T2,任务2：5G网络优化结果验证,JP-06,JP-01;JP-02,AU-07,AU-03,original_textbook;professional_standard;digital_textbook_standard;teaching_simulation;ai_inference,textbook:P4-T2;prototype:task_workbench_3_5a1;capability_graph_v2:AU-07,v0.2_detail_field_table,先弄清这次到底要验收什么,我能把投诉线索转成覆盖、移动性、体验或容量等验证对象。,阅读宿舍区投诉场景，把四条投诉线索归入对应验证对象。,投诉到验证对象映射,投诉到验证对象映射,P4T2-C01;P4T2-C02;CASE-demo-dorm,text_card;simulation_case;worksheet;assessment_item,case_intro;evidence_classification,review_ready,pending_professional_review,professional;editorial,medium,not_applicable,data_source;case_logic,current,deep_sample_detail_node,reports/P4-T2详细能力节点字段表V0.2.csv,需专业教师确认投诉线索和验证对象的对应关系是否符合网优验收教学逻辑。
N-V03-0063,P4T2-N02,区分改善与达标,detail_capability,AU-07,P4,项目四：5G端到端网络优化,P4-T2,任务2：5G网络优化结果验证,JP-06,none,AU-07,AU-08,original_textbook;professional_standard;digital_textbook_standard;teaching_simulation;ai_inference,textbook:P4-T2;prototype:task_workbench_3_5a1;capability_graph_v2:AU-07,v0.2_detail_field_table,分清“有改善”和“能验收”不是一回事,我能把已改善的数据和仍未闭环的数据分开写。,对宿舍区案例中的达标指标和未达标指标做边界表达修正。,已达标依据和未闭环边界,边界表达修正记录,P4T2-C02;P4T2-C11;CASE-demo-dorm,text_card;table;worksheet;rubric;assessment_item,comparison_analysis;correction_revision,review_ready,pending_professional_review,professional;editorial,medium,not_applicable,conclusion;terminology,current,deep_sample_detail_node,reports/P4-T2详细能力节点字段表V0.2.csv,需复核“部分达标”表达是否符合职业教育课堂和网优岗位验收语境。
N-V03-0064,P4T2-N03,读覆盖指标,detail_capability,AU-07,P4,项目四：5G端到端网络优化,P4-T2,任务2：5G网络优化结果验证,JP-06,JP-03,AU-07,AU-03,original_textbook;professional_standard;digital_textbook_standard;teaching_simulation;ai_inference,textbook:P4-T2;prototype:task_workbench_3_5a1;capability_graph_v2:AU-07,v0.2_detail_field_table,读覆盖指标：它能证明什么，不能证明什么,我能看懂覆盖指标能支持覆盖改善，但不能单独证明业务全部恢复。,阅读覆盖指标表和地下食堂案例，标出覆盖达标依据与证据边界。,覆盖指标判断与流程排序,覆盖指标判断与证据边界,P4T2-C03;P4T2-C04;CASE-contrast-canteen,text_card;table;chart;worksheet;redrawn_image;assessment_item,data_reading;process_ordering;metric_annotation,review_ready,pending_media_review,professional;media;editorial;copyright,high,redraw_required,threshold;terminology;tool_screenshot,current,deep_sample_detail_node,reports/P4-T2详细能力节点字段表V0.2.csv,需专业教师复核覆盖指标阈值口径，媒体设计需重绘原仿真截图。
N-V03-0065,P4T2-N04,读移动性指标,detail_capability,AU-07,P4,项目四：5G端到端网络优化,P4-T2,任务2：5G网络优化结果验证,JP-06,JP-03;JP-04,AU-07,AU-03;AU-05,original_textbook;professional_standard;digital_textbook_standard;teaching_simulation;ai_inference,textbook:P4-T2;prototype:task_workbench_3_5a1;capability_graph_v2:AU-07,v0.2_detail_field_table,读移动性指标：走动时会不会断,我能判断移动路径上的问题不能只看静止点覆盖，还要看切换和保持数据。,按顺序排出移动性验证流程，并判断切换失败或重建偏高说明什么。,移动性验证流程,移动性验证流程和异常阶段判断,P4T2-C05;P4T2-C06;CASE-contrast-canteen,text_card;redrawn_image;interactive_animation;mini_game;worksheet;assessment_item,process_ordering;data_reading;problem_diagnosis,review_ready,pending_media_review,professional;media;editorial;copyright,high,redraw_required,procedure;signal_analysis;tool_screenshot,current,deep_sample_detail_node,reports/P4-T2详细能力节点字段表V0.2.csv,需复核SA/NSA切换教学流程和邻区/切换异常表述，原图需重绘或标注。
N-V03-0066,P4T2-N05,读体验与容量指标,detail_capability,AU-07,P4,项目四：5G端到端网络优化,P4-T2,任务2：5G网络优化结果验证,JP-06,JP-03;JP-07,AU-07,AU-03;AU-09,original_textbook;professional_standard;digital_textbook_standard;teaching_simulation;ai_inference,textbook:P4-T2;prototype:task_workbench_3_5a1;capability_graph_v2:AU-07,v0.2_detail_field_table,读体验与容量指标：平均好不等于尾部好,我能区分平均值达标和尾部体验、容量边界未闭环。,阅读实训楼和招聘会指标表，给每行标注通过依据或必须写边界。,通过依据和边界指标标注,指标行标注和边界表达,P4T2-C07;P4T2-C08;CASE-contrast-lab;CASE-mission-jobfair,text_card;table;chart;worksheet;redrawn_image;assessment_item,data_reading;metric_annotation;comparison_analysis,review_ready,pending_media_review,professional;media;editorial;copyright,high,redraw_required,threshold;case_logic;conclusion;tool_screenshot,current,deep_sample_detail_node,reports/P4-T2详细能力节点字段表V0.2.csv,需专业教师复核教学模拟阈值和容量/时延结论口径，媒体需重绘替换。
N-V03-0067,P4T2-N06,选择判断依据,detail_capability,AU-07,P4,项目四：5G端到端网络优化,P4-T2,任务2：5G网络优化结果验证,JP-06,JP-04,AU-07,AU-05;AU-08,original_textbook;professional_standard;digital_textbook_standard;teaching_simulation;ai_inference,textbook:P4-T2;prototype:task_workbench_3_5a1;capability_graph_v2:AU-07,v0.2_detail_field_table,把材料分清：依据、边界，还是背景,我能判断一条材料能不能直接证明优化后达到目标。,在体育馆活动保障案例中，把材料分入通过依据、必须写边界和背景信息。,依据链分类结果,依据链分类结果,P4T2-C09;P4T2-C10;CASE-guided-gym,simulation_case;table;worksheet;assessment_item;rubric,evidence_classification;comparison_analysis,review_ready,pending_professional_review,professional;editorial,medium,not_applicable,case_logic;conclusion,current,deep_sample_detail_node,reports/P4-T2详细能力节点字段表V0.2.csv,需复核体育馆活动保障教学模拟案例的依据链和结论边界是否合理。
N-V03-0068,P4T2-N07,形成验收结论,detail_capability,AU-07,P4,项目四：5G端到端网络优化,P4-T2,任务2：5G网络优化结果验证,JP-06,none,AU-07,AU-08,original_textbook;professional_standard;digital_textbook_standard;teaching_simulation;ai_inference,textbook:P4-T2;prototype:task_workbench_3_5a1;capability_graph_v2:AU-07,v0.2_detail_field_table,写出一段能提交的验收结论,我能把技术判断写成判断、依据、边界和建议四部分。,在招聘会扩容案例中拼装并提交四段式验收结论。,四段式验收结论,四段式验收结论,P4T2-C10;CASE-mission-jobfair,worksheet;assessment_item;rubric;report_template,conclusion_writing;report_output,review_ready,pending_professional_review,professional;editorial,medium,not_applicable,conclusion;terminology,current,deep_sample_detail_node,reports/P4-T2详细能力节点字段表V0.2.csv,需复核四段式结论模板是否符合网优岗位验收和后续报告输出要求。
N-V03-0069,P4T2-N08,修正职业表达,detail_capability,AU-08,P4,项目四：5G端到端网络优化,P4-T2,任务2：5G网络优化结果验证,JP-06,JP-07,AU-08,AU-07;AU-09,original_textbook;professional_standard;digital_textbook_standard;teaching_simulation;ai_inference,textbook:P4-T2;prototype:task_workbench_3_5a1;capability_graph_v2:AU-07,v0.2_detail_field_table,把结论改到能被讲评、能被使用,我能根据反馈修改验收结论，而不是只看参考答案。,对招聘会案例结论进行自评和二次修正，至少提交一条修正句。,修正后的职业表达,修正后的职业表达和修订记录,P4T2-C11;P4T2-C12;CASE-mission-jobfair,rubric;teacher_guide;worksheet;assessment_item,correction_revision;reflection_summary,review_ready,pending_professional_review,professional;editorial,medium,not_applicable,conclusion;terminology,current,deep_sample_detail_node,reports/P4-T2详细能力节点字段表V0.2.csv,需复核职业表达量规、教师观察表和专业复核表是否足以支撑真实一线试看。
N-V03-0070,P5T3-N01,确认性能提升方案与验证口径,detail_capability,AU-09,P5,项目五：5G全网性能提升,P5-T3,任务3 5G全网性能提升验证,JP-07,JP-06,AU-09,AU-07;AU-08,original_textbook;professional_standard;digital_textbook_standard;ai_inference,textbook:P5-T3;task_inventory:P5-T3;capability_graph_v2:AU-09,v0.2_detail_field_table,先弄清这次要验证什么,我能说清本次性能提升验证的目标、范围和判断口径。,对照提升方案，填写验证对象、验证范围、前后对比基线和达成口径。,性能提升验证任务单,性能提升验证任务单,P5T3-C01;P5T3-C02,text_card;worksheet;table,case_intro;risk_checking,trial_split,pending_professional_review,professional;media;editorial,medium,not_applicable,threshold;case_logic;conclusion,current,trial_split_detail_node,reports/P5-T3详细能力节点字段表V0.2.csv,验证口径需专业教师确认，避免把教材案例阈值泛化为行业统一标准。
N-V03-0071,P5T3-N02,选择验证数据源与复测路径,detail_capability,AU-09,P5,项目五：5G全网性能提升,P5-T3,任务3 5G全网性能提升验证,JP-07,JP-03;JP-06,AU-09,AU-03;AU-07,original_textbook;professional_standard;digital_textbook_standard;ai_inference,textbook:P5-T3;task_inventory:P5-T3;capability_graph_v2:AU-09,v0.2_detail_field_table,选择用什么数据来验证,我能根据验证目标选择合适的数据来源和复测方式。,把接入、保持、移动性、资源、可用类验证目标匹配到合适的数据源。,验证数据源选择表,验证数据源选择表,P5T3-C03;P5T3-C04,text_card;chart;worksheet,evidence_classification;process_ordering,trial_split,pending_media_review,professional;media;editorial;copyright,medium,redraw_required,data_source;procedure;terminology,current,trial_split_detail_node,reports/P5-T3详细能力节点字段表V0.2.csv,网管、大数据、路测、用户回访的适用边界需专业教师确认。
N-V03-0072,P5T3-N03,建立优化前后KPI对比基线,detail_capability,AU-09,P5,项目五：5G全网性能提升,P5-T3,任务3 5G全网性能提升验证,JP-07,JP-03;JP-06,AU-09,AU-03;AU-07,original_textbook;professional_standard;digital_textbook_standard;ai_inference,textbook:P5-T3;task_inventory:P5-T3;capability_graph_v2:AU-09,v0.2_detail_field_table,把优化前后的指标摆在一起看,我能把优化前后的关键指标整理成可比较的数据。,提取接通率、掉线率、切换、速率、可用性等指标，制作前后对比表。,优化前后KPI对比表,优化前后KPI对比表,P5T3-C05;P5T3-C06,table;chart;worksheet,metric_annotation;comparison_analysis;data_reading,trial_split,pending_media_review,professional;media;editorial;copyright,high,redraw_required,threshold;data_source;conclusion;tool_screenshot,current,trial_split_detail_node,reports/P5-T3详细能力节点字段表V0.2.csv,具体KPI阈值和场景适用口径需专业复核。
N-V03-0073,P5T3-N04,验证接入与保持类提升效果,detail_capability,AU-09,P5,项目五：5G全网性能提升,P5-T3,任务3 5G全网性能提升验证,JP-07,JP-03;JP-06,AU-09,AU-03;AU-07;AU-10,original_textbook;professional_standard;digital_textbook_standard;ai_inference,textbook:P5-T3;task_inventory:P5-T3;capability_graph_v2:AU-09,v0.2_detail_field_table,判断接入和掉线问题有没有真正改善,我能用接入和保持类数据判断性能提升是否有效。,阅读接入类和保持类案例材料，标出支持“已改善”和“仍有风险”的依据。,接入/保持类效果判断记录,接入/保持类效果判断记录,P5T3-C07;P5T3-C08;P5T3-C09,simulation_case;annotated_image;redrawn_image;worksheet,problem_diagnosis;evidence_classification;metric_annotation,trial_split,pending_media_review,professional;media;editorial;copyright,high,redraw_required,case_logic;signal_analysis;tool_screenshot;conclusion,current,trial_split_detail_node,reports/P5-T3详细能力节点字段表V0.2.csv,原教材接入、PDU会话、掉线相关截图需重绘或标注，专业结论需复核。
N-V03-0074,P5T3-N05,验证移动性、资源与可用类提升效果,detail_capability,AU-09,P5,项目五：5G全网性能提升,P5-T3,任务3 5G全网性能提升验证,JP-07,JP-03;JP-06,AU-09,AU-07;AU-10,original_textbook;professional_standard;digital_textbook_standard;ai_inference,textbook:P5-T3;task_inventory:P5-T3;capability_graph_v2:AU-09,v0.2_detail_field_table,判断切换、速率和可用性是否改善,我能用复测数据判断移动性、资源和可用类性能提升效果。,对移动性、资源、可用类案例进行前后对比，写出是否闭环和仍需关注的风险。,移动性/资源/可用类效果判断记录,移动性/资源/可用类效果判断记录,P5T3-C10;P5T3-C11;P5T3-C12,simulation_case;table;chart;redrawn_image;worksheet,comparison_analysis;problem_diagnosis;risk_checking,trial_split,pending_media_review,professional;media;editorial;copyright,high,redraw_required,case_logic;signal_analysis;tool_screenshot;conclusion,current,trial_split_detail_node,reports/P5-T3详细能力节点字段表V0.2.csv,原教材移动性、速率、光链路故障截图需媒体治理，指标和结论需专业复核。
N-V03-0075,P5T3-N06,判断未闭环指标与二次分析入口,detail_capability,AU-09,P5,项目五：5G全网性能提升,P5-T3,任务3 5G全网性能提升验证,JP-07,JP-04;JP-06,AU-09,AU-05;AU-10,original_textbook;professional_standard;digital_textbook_standard;ai_inference,textbook:P5-T3;task_inventory:P5-T3;capability_graph_v2:AU-09,v0.2_detail_field_table,找出还没有闭环的问题,我能判断哪些性能提升已经闭环，哪些还需要继续分析。,把案例结论分成已闭环、改善但未达标、证据不足、需信令复盘四类。,未闭环问题清单,未闭环问题清单,P5T3-C13;P5T3-C14,worksheet;text_card;rubric,evidence_classification;reflection_summary;correction_revision,trial_split,pending_professional_review,professional;editorial,high,not_applicable,case_logic;conclusion;signal_analysis,current,trial_split_detail_node,reports/P5-T3详细能力节点字段表V0.2.csv,未闭环分类和信令复盘入口需专业教师确认。
N-V03-0076,P5T3-N07,输出全网性能提升验证报告,detail_capability,AU-09,P5,项目五：5G全网性能提升,P5-T3,任务3 5G全网性能提升验证,JP-07,JP-06,AU-09,AU-08;AU-10,original_textbook;professional_standard;digital_textbook_standard;ai_inference,textbook:P5-T3;task_inventory:P5-T3;capability_graph_v2:AU-09,v0.2_detail_field_table,写出全网性能提升验证报告,我能把验证过程整理成可提交的职业报告。,按模板填写验证目标、数据来源、对比结果、结论边界和后续建议。,全网性能提升验证报告,全网性能提升验证报告,P5T3-C15;P5T3-C16,report_template;worksheet;rubric;teacher_guide,report_output;conclusion_writing;reflection_summary,trial_split,pending_professional_review,professional;editorial,medium,not_applicable,conclusion;terminology;case_logic,current,trial_split_detail_node,reports/P5-T3详细能力节点字段表V0.2.csv,报告模板和职业表达口径需专业教师和编辑共同复核。
N-V03-0077,P6T2-N01,明确信令问题分析任务与数据来源,detail_capability,AU-10,P6,项目六：5G信令分析,P6-T2,任务2 5G信令问题分析及优化,JP-07,JP-03;JP-06,AU-10,AU-03;AU-09,original_textbook;professional_standard;digital_textbook_standard;ai_inference,textbook:P6-T2;task_inventory:P6-T2;capability_graph_v2:AU-10;reports:P6任务AU-10验证试拆对象选择与实施计划.md,v0.2_detail_field_table,先判断这次要分析什么问题,我能说清这次问题现象、可用材料和需要查证的信令方向。,读取任务描述、log入口、地图、指标和信令材料，填写分析任务单。,问题分析任务单,问题分析任务单,P6T2-C01;P6T2-W01,text_card;worksheet;simulation_case,case_intro;data_reading,trial_split,pending_media_review,professional;media;editorial,medium,annotate_required,data_source;tool_screenshot;signal_analysis,current,trial_split_detail_node,reports/P6-T2详细能力节点字段表V0.2.csv,需确认仿真界面标注是否准确表达信令分析入口。
N-V03-0078,P6T2-N02,区分覆盖、接入、切换、掉线类问题,detail_capability,AU-10,P6,项目六：5G信令分析,P6-T2,任务2 5G信令问题分析及优化,JP-07,JP-03;JP-04;JP-06,AU-10,AU-03;AU-07;AU-09,original_textbook;professional_standard;digital_textbook_standard;ai_inference,textbook:P6-T2;task_inventory:P6-T2;capability_graph_v2:AU-10;reports:P6任务AU-10验证试拆对象选择与实施计划.md,v0.2_detail_field_table,先给问题分类型,我能判断问题更像覆盖、接入、切换还是掉线，并说明分类依据。,对照现象、指标和信令线索，把问题归入四类并写出依据。,问题类型判断表,问题类型判断表,P6T2-C02;P6T2-W02,redrawn_image;worksheet;table,evidence_classification;problem_diagnosis,trial_split,pending_media_review,professional;media;editorial,high,redraw_required,threshold;case_logic;signal_analysis;tool_screenshot,current,trial_split_detail_node,reports/P6-T2详细能力节点字段表V0.2.csv,四类问题分类口径和图示需通信专业教师确认。
N-V03-0079,P6T2-N03,建立接入类问题排查链,detail_capability,AU-10,P6,项目六：5G信令分析,P6-T2,任务2 5G信令问题分析及优化,JP-07,JP-03;JP-06,AU-10,AU-03;AU-09,original_textbook;professional_standard;digital_textbook_standard;ai_inference,textbook:P6-T2;task_inventory:P6-T2;capability_graph_v2:AU-10;reports:P6任务AU-10验证试拆对象选择与实施计划.md,v0.2_detail_field_table,接入失败先查哪几步,我能把接入失败拆成几个可检查步骤，而不是直接猜原因。,按接入流程排序排查项，并标出每一步要看的信令或参数。,接入问题排查路径,接入问题排查路径,P6T2-C03;P6T2-W03;P6T1-C-REG;P6T1-C-PDU,redrawn_image;worksheet;simulation_case,process_ordering;problem_diagnosis;proposal_matching,trial_split,pending_media_review,professional;media;editorial;copyright,high,redraw_required,signal_analysis;procedure;case_logic;tool_screenshot,current,trial_split_detail_node,reports/P6-T2详细能力节点字段表V0.2.csv,接入流程、PRACH、切片、NG连接等处理顺序需专业复核。
N-V03-0080,P6T2-N04,建立切换类问题信令证据链,detail_capability,AU-10,P6,项目六：5G信令分析,P6-T2,任务2 5G信令问题分析及优化,JP-07,JP-03;JP-04;JP-06,AU-10,AU-03;AU-07;AU-09,original_textbook;professional_standard;digital_textbook_standard;ai_inference,textbook:P6-T2;task_inventory:P6-T2;capability_graph_v2:AU-10;reports:P6任务AU-10验证试拆对象选择与实施计划.md,v0.2_detail_field_table,切换失败卡在哪一步,我能在切换流程中找到问题卡点，并说明证据来自哪里。,标注切换流程中的关键节点，判断是未上报、未下发、未收到还是执行失败。,切换问题证据链,切换问题证据链,P6T2-C04;P6T2-W04;P6T1-C-RRCRECFG,annotated_image;redrawn_image;worksheet,metric_annotation;evidence_classification;problem_diagnosis,trial_split,pending_media_review,professional;media;editorial;copyright,high,redraw_required,signal_analysis;case_logic;conclusion;tool_screenshot,current,trial_split_detail_node,reports/P6-T2详细能力节点字段表V0.2.csv,切换信令卡点、RSRP变化和优化建议需专业复核。
N-V03-0081,P6T2-N05,建立掉线类问题复盘链,detail_capability,AU-10,P6,项目六：5G信令分析,P6-T2,任务2 5G信令问题分析及优化,JP-07,JP-03;JP-06;JP-07,AU-10,AU-03;AU-07;AU-09,original_textbook;professional_standard;digital_textbook_standard;ai_inference,textbook:P6-T2;task_inventory:P6-T2;capability_graph_v2:AU-10;reports:P6任务AU-10验证试拆对象选择与实施计划.md,v0.2_detail_field_table,掉线是怎么发生的,我能把掉线现象拆成可检查的几个原因链。,对照掉线表现，填写原因链、证据和待排除项。,掉线原因复盘单,掉线原因复盘单,P6T2-C05;P6T2-W05,text_card;worksheet;rubric,reflection_summary;problem_diagnosis;risk_checking,trial_split,pending_professional_review,professional;editorial,high,not_applicable,signal_analysis;case_logic;conclusion,current,trial_split_detail_node,reports/P6-T2详细能力节点字段表V0.2.csv,掉线定义、原因分类和复盘口径需专业复核。
N-V03-0082,P6T2-N06,提出优化建议并说明适用边界,detail_capability,AU-10,P6,项目六：5G信令分析,P6-T2,任务2 5G信令问题分析及优化,JP-07,JP-04;JP-06;JP-07,AU-10,AU-07;AU-09,original_textbook;professional_standard;digital_textbook_standard;ai_inference,textbook:P6-T2;task_inventory:P6-T2;capability_graph_v2:AU-10;reports:P6任务AU-10验证试拆对象选择与实施计划.md,v0.2_detail_field_table,不是只说原因，还要给建议,我能根据原因提出合适建议，并说明建议什么时候适用。,把原因卡与优化建议卡匹配，写出建议、适用条件和复测方式。,优化建议卡,优化建议卡,P6T2-C06;P6T2-W06,simulation_case;redrawn_image;worksheet;table,proposal_matching;risk_checking;comparison_analysis,trial_split,pending_media_review,professional;media;editorial;copyright,high,redraw_required,threshold;case_logic;conclusion;tool_screenshot,current,trial_split_detail_node,reports/P6-T2详细能力节点字段表V0.2.csv,功率、波束、CIO、切换触发时间等建议需专业复核。
N-V03-0083,P6T2-N07,输出信令问题分析与复盘报告,detail_capability,AU-10,P6,项目六：5G信令分析,P6-T2,任务2 5G信令问题分析及优化,JP-07,JP-06;JP-07,AU-10,AU-08;AU-09,original_textbook;professional_standard;digital_textbook_standard;ai_inference,textbook:P6-T2;task_inventory:P6-T2;capability_graph_v2:AU-10;reports:P6任务AU-10验证试拆对象选择与实施计划.md,v0.2_detail_field_table,把分析写成能交付的报告,我能把信令分析过程整理成别人能看懂、能复核的报告。,整理现象、证据链、原因判断、优化建议、复测方式和待复核点。,信令问题分析报告,信令问题分析报告,P6T2-C07;P6T2-W07;P6T2-RPT01,report_template;worksheet;rubric;teacher_guide,report_output;conclusion_writing;reflection_summary,trial_split,pending_professional_review,professional;editorial,high,not_applicable,signal_analysis;conclusion;terminology;case_logic,current,trial_split_detail_node,reports/P6-T2详细能力节点字段表V0.2.csv,报告结构、信令结论和建议边界需教师及通信专业专家复核。
N-V03-0084,IMG-288,IMG-288 原教材媒体资源,media_asset,assets/media,P4,,P4-T2,,not_applicable,,not_applicable,,original_textbook;media_asset,textbook:P4-T2;prototype:task_workbench_3_5a1;capability_graph_v2:AU-07,media_extracted_pending_review,IMG-288,not_applicable,not_applicable,not_applicable,not_applicable,,,,draft,pending_media_review,media;copyright;editorial,high,redraw_required,,current,media_reference_node,reports/课程能力图谱V2关系边表.csv;assets/media/,覆盖优化结果截图需重绘或标注后才能作为教学证据。
N-V03-0085,IMG-236,IMG-236 原教材媒体资源,media_asset,assets/media,P4,,P4-T2,,not_applicable,,not_applicable,,original_textbook;media_asset,textbook:P4-T2;prototype:task_workbench_3_5a1;capability_graph_v2:AU-07,media_extracted_pending_review,IMG-236,not_applicable,not_applicable,not_applicable,not_applicable,,,,draft,pending_media_review,media;copyright;editorial,high,redraw_required,,current,media_reference_node,reports/课程能力图谱V2关系边表.csv;assets/media/,切换流程图需标注测量、判决、执行阶段。
N-V03-0086,IMG-245,IMG-245 原教材媒体资源,media_asset,assets/media,P4,,P4-T2,,not_applicable,,not_applicable,,original_textbook;media_asset,textbook:P4-T2;prototype:task_workbench_3_5a1;capability_graph_v2:AU-07,media_extracted_pending_review,IMG-245,not_applicable,not_applicable,not_applicable,not_applicable,,,,draft,pending_media_review,media;copyright;editorial,high,redraw_required,,current,media_reference_node,reports/课程能力图谱V2关系边表.csv;assets/media/,SA切换流程需重绘为教学版。
N-V03-0087,IMG-289,IMG-289 原教材媒体资源,media_asset,assets/media,P4,,P4-T2,,not_applicable,,not_applicable,,original_textbook;media_asset,textbook:P4-T2;prototype:task_workbench_3_5a1;capability_graph_v2:AU-07,media_extracted_pending_review,IMG-289,not_applicable,not_applicable,not_applicable,not_applicable,,,,draft,pending_media_review,media;copyright;editorial,high,redraw_required,,current,media_reference_node,reports/课程能力图谱V2关系边表.csv;assets/media/,切换优化结果截图需重绘或标注。
N-V03-0088,IMG-290,IMG-290 原教材媒体资源,media_asset,assets/media,P4,,P4-T2,,not_applicable,,not_applicable,,original_textbook;media_asset,textbook:P4-T2;prototype:task_workbench_3_5a1;capability_graph_v2:AU-07,media_extracted_pending_review,IMG-290,not_applicable,not_applicable,not_applicable,not_applicable,,,,draft,pending_media_review,media;copyright;editorial,high,redraw_required,,current,media_reference_node,reports/课程能力图谱V2关系边表.csv;assets/media/,时延结果截图需替换为时延指标对比表。
N-V03-0089,IMG-291,IMG-291 原教材媒体资源,media_asset,assets/media,P4,,P4-T2,,not_applicable,,not_applicable,,original_textbook;media_asset,textbook:P4-T2;prototype:task_workbench_3_5a1;capability_graph_v2:AU-07,media_extracted_pending_review,IMG-291,not_applicable,not_applicable,not_applicable,not_applicable,,,,draft,pending_media_review,media;copyright;editorial,high,redraw_required,,current,media_reference_node,reports/课程能力图谱V2关系边表.csv;assets/media/,速率结果截图需替换为速率指标对比表。
N-V03-0090,IMG-292,IMG-292 原教材媒体资源,media_asset,assets/media,P4,,P4-T2,,not_applicable,,not_applicable,,original_textbook;media_asset,textbook:P4-T2;prototype:task_workbench_3_5a1;capability_graph_v2:AU-07,media_extracted_pending_review,IMG-292,not_applicable,not_applicable,not_applicable,not_applicable,,,,draft,pending_media_review,media;copyright;editorial,high,redraw_required,,current,media_reference_node,reports/课程能力图谱V2关系边表.csv;assets/media/,容量结果截图需重绘容量负荷图。
N-V03-0091,IMG-293,IMG-293 原教材媒体资源,media_asset,assets/media,P4,,P4-T2,,not_applicable,,not_applicable,,original_textbook;media_asset,textbook:P4-T2;prototype:task_workbench_3_5a1;capability_graph_v2:AU-07,media_extracted_pending_review,IMG-293,not_applicable,not_applicable,not_applicable,not_applicable,,,,draft,pending_media_review,media;copyright;editorial,high,redraw_required,,current,media_reference_node,reports/课程能力图谱V2关系边表.csv;assets/media/,掉线结果截图需重绘掉线率证据链图。
N-V03-0092,IMG-325,IMG-325 原教材媒体资源,media_asset,assets/media,P5,,P5-T3,,not_applicable,,not_applicable,,original_textbook;media_asset,textbook:P5-T3;task_inventory:P5-T3;capability_graph_v2:AU-09,media_extracted_pending_review,IMG-325,not_applicable,not_applicable,not_applicable,not_applicable,,,,draft,pending_media_review,media;copyright;editorial,high,redraw_required,,current,media_reference_node,reports/课程能力图谱V2关系边表.csv;assets/media/,性能验证数据源图需重绘为教学化选择图。
N-V03-0093,IMG-326,IMG-326 原教材媒体资源,media_asset,assets/media,P5,,P5-T3,,not_applicable,,not_applicable,,original_textbook;media_asset,textbook:P5-T3;task_inventory:P5-T3;capability_graph_v2:AU-09,media_extracted_pending_review,IMG-326,not_applicable,not_applicable,not_applicable,not_applicable,,,,draft,pending_media_review,media;copyright;editorial,high,redraw_required,,current,media_reference_node,reports/课程能力图谱V2关系边表.csv;assets/media/,数据中心界面需重绘为教学化KPI对比表。
N-V03-0094,IMG-327,IMG-327 原教材媒体资源,media_asset,assets/media,P5,,P5-T3,,not_applicable,,not_applicable,,original_textbook;media_asset,textbook:P5-T3;task_inventory:P5-T3;capability_graph_v2:AU-09,media_extracted_pending_review,IMG-327,not_applicable,not_applicable,not_applicable,not_applicable,,,,draft,pending_media_review,media;copyright;editorial,high,redraw_required,,current,media_reference_node,reports/课程能力图谱V2关系边表.csv;assets/media/,未下发A2重配截图需标注或重绘。
N-V03-0095,IMG-328,IMG-328 原教材媒体资源,media_asset,assets/media,P5,,P5-T3,,not_applicable,,not_applicable,,original_textbook;media_asset,textbook:P5-T3;task_inventory:P5-T3;capability_graph_v2:AU-09,media_extracted_pending_review,IMG-328,not_applicable,not_applicable,not_applicable,not_applicable,,,,draft,pending_media_review,media;copyright;editorial,high,redraw_required,,current,media_reference_node,reports/课程能力图谱V2关系边表.csv;assets/media/,问题分析截图需标注。
N-V03-0096,IMG-329,IMG-329 原教材媒体资源,media_asset,assets/media,P5,,P5-T3,,not_applicable,,not_applicable,,original_textbook;media_asset,textbook:P5-T3;task_inventory:P5-T3;capability_graph_v2:AU-09,media_extracted_pending_review,IMG-329,not_applicable,not_applicable,not_applicable,not_applicable,,,,draft,pending_media_review,media;copyright;editorial,high,redraw_required,,current,media_reference_node,reports/课程能力图谱V2关系边表.csv;assets/media/,A2重配正常截图需重绘对照。
N-V03-0097,IMG-330,IMG-330 原教材媒体资源,media_asset,assets/media,P5,,P5-T3,,not_applicable,,not_applicable,,original_textbook;media_asset,textbook:P5-T3;task_inventory:P5-T3;capability_graph_v2:AU-09,media_extracted_pending_review,IMG-330,not_applicable,not_applicable,not_applicable,not_applicable,,,,draft,pending_media_review,media;copyright;editorial,high,redraw_required,,current,media_reference_node,reports/课程能力图谱V2关系边表.csv;assets/media/,PDU会话未完全建立截图需标注。
N-V03-0098,IMG-331,IMG-331 原教材媒体资源,media_asset,assets/media,P5,,P5-T3,,not_applicable,,not_applicable,,original_textbook;media_asset,textbook:P5-T3;task_inventory:P5-T3;capability_graph_v2:AU-09,media_extracted_pending_review,IMG-331,not_applicable,not_applicable,not_applicable,not_applicable,,,,draft,pending_media_review,media;copyright;editorial,high,redraw_required,,current,media_reference_node,reports/课程能力图谱V2关系边表.csv;assets/media/,网络配置图需版权和清晰度审核。
N-V03-0099,IMG-332,IMG-332 原教材媒体资源,media_asset,assets/media,P5,,P5-T3,,not_applicable,,not_applicable,,original_textbook;media_asset,textbook:P5-T3;task_inventory:P5-T3;capability_graph_v2:AU-09,media_extracted_pending_review,IMG-332,not_applicable,not_applicable,not_applicable,not_applicable,,,,draft,pending_media_review,media;copyright;editorial,high,redraw_required,,current,media_reference_node,reports/课程能力图谱V2关系边表.csv;assets/media/,配置截图需重绘。
N-V03-0100,IMG-333,IMG-333 原教材媒体资源,media_asset,assets/media,P5,,P5-T3,,not_applicable,,not_applicable,,original_textbook;media_asset,textbook:P5-T3;task_inventory:P5-T3;capability_graph_v2:AU-09,media_extracted_pending_review,IMG-333,not_applicable,not_applicable,not_applicable,not_applicable,,,,draft,pending_media_review,media;copyright;editorial,high,redraw_required,,current,media_reference_node,reports/课程能力图谱V2关系边表.csv;assets/media/,优化过程截图需重绘。
N-V03-0101,IMG-334,IMG-334 原教材媒体资源,media_asset,assets/media,P5,,P5-T3,,not_applicable,,not_applicable,,original_textbook;media_asset,textbook:P5-T3;task_inventory:P5-T3;capability_graph_v2:AU-09,media_extracted_pending_review,IMG-334,not_applicable,not_applicable,not_applicable,not_applicable,,,,draft,pending_media_review,media;copyright;editorial,high,redraw_required,,current,media_reference_node,reports/课程能力图谱V2关系边表.csv;assets/media/,PDU会话建立正常截图需重绘对照。
N-V03-0102,IMG-335,IMG-335 原教材媒体资源,media_asset,assets/media,P5,,P5-T3,,not_applicable,,not_applicable,,original_textbook;media_asset,textbook:P5-T3;task_inventory:P5-T3;capability_graph_v2:AU-09,media_extracted_pending_review,IMG-335,not_applicable,not_applicable,not_applicable,not_applicable,,,,draft,pending_media_review,media;copyright;editorial,high,redraw_required,,current,media_reference_node,reports/课程能力图谱V2关系边表.csv;assets/media/,弱覆盖导致掉线截图需标注。
N-V03-0103,IMG-336,IMG-336 原教材媒体资源,media_asset,assets/media,P5,,P5-T3,,not_applicable,,not_applicable,,original_textbook;media_asset,textbook:P5-T3;task_inventory:P5-T3;capability_graph_v2:AU-09,media_extracted_pending_review,IMG-336,not_applicable,not_applicable,not_applicable,not_applicable,,,,draft,pending_media_review,media;copyright;editorial,high,redraw_required,,current,media_reference_node,reports/课程能力图谱V2关系边表.csv;assets/media/,掉线效果验证截图需重绘为复测对比图。
N-V03-0104,IMG-337,IMG-337 原教材媒体资源,media_asset,assets/media,P5,,P5-T3,,not_applicable,,not_applicable,,original_textbook;media_asset,textbook:P5-T3;task_inventory:P5-T3;capability_graph_v2:AU-09,media_extracted_pending_review,IMG-337,not_applicable,not_applicable,not_applicable,not_applicable,,,,draft,pending_media_review,media;copyright;editorial,high,redraw_required,,current,media_reference_node,reports/课程能力图谱V2关系边表.csv;assets/media/,乒乓切换测试图示需标注。
N-V03-0105,IMG-338,IMG-338 原教材媒体资源,media_asset,assets/media,P5,,P5-T3,,not_applicable,,not_applicable,,original_textbook;media_asset,textbook:P5-T3;task_inventory:P5-T3;capability_graph_v2:AU-09,media_extracted_pending_review,IMG-338,not_applicable,not_applicable,not_applicable,not_applicable,,,,draft,pending_media_review,media;copyright;editorial,high,redraw_required,,current,media_reference_node,reports/课程能力图谱V2关系边表.csv;assets/media/,乒乓切换效果验证图需重绘。
N-V03-0106,IMG-339,IMG-339 原教材媒体资源,media_asset,assets/media,P5,,P5-T3,,not_applicable,,not_applicable,,original_textbook;media_asset,textbook:P5-T3;task_inventory:P5-T3;capability_graph_v2:AU-09,media_extracted_pending_review,IMG-339,not_applicable,not_applicable,not_applicable,not_applicable,,,,draft,pending_media_review,media;copyright;editorial,high,redraw_required,,current,media_reference_node,reports/课程能力图谱V2关系边表.csv;assets/media/,低速率问题截图需标注。
N-V03-0107,IMG-340,IMG-340 原教材媒体资源,media_asset,assets/media,P5,,P5-T3,,not_applicable,,not_applicable,,original_textbook;media_asset,textbook:P5-T3;task_inventory:P5-T3;capability_graph_v2:AU-09,media_extracted_pending_review,IMG-340,not_applicable,not_applicable,not_applicable,not_applicable,,,,draft,pending_media_review,media;copyright;editorial,high,redraw_required,,current,media_reference_node,reports/课程能力图谱V2关系边表.csv;assets/media/,低速率复测图需重绘。
N-V03-0108,IMG-341,IMG-341 原教材媒体资源,media_asset,assets/media,P5,,P5-T3,,not_applicable,,not_applicable,,original_textbook;media_asset,textbook:P5-T3;task_inventory:P5-T3;capability_graph_v2:AU-09,media_extracted_pending_review,IMG-341,not_applicable,not_applicable,not_applicable,not_applicable,,,,draft,pending_media_review,media;copyright;editorial,high,redraw_required,,current,media_reference_node,reports/课程能力图谱V2关系边表.csv;assets/media/,可用类问题路测图需标注。
N-V03-0109,IMG-342,IMG-342 原教材媒体资源,media_asset,assets/media,P5,,P5-T3,,not_applicable,,not_applicable,,original_textbook;media_asset,textbook:P5-T3;task_inventory:P5-T3;capability_graph_v2:AU-09,media_extracted_pending_review,IMG-342,not_applicable,not_applicable,not_applicable,not_applicable,,,,draft,pending_media_review,media;copyright;editorial,high,redraw_required,,current,media_reference_node,reports/课程能力图谱V2关系边表.csv;assets/media/,光链路故障证据需标注。
N-V03-0110,IMG-343,IMG-343 原教材媒体资源,media_asset,assets/media,P5,,P5-T3,,not_applicable,,not_applicable,,original_textbook;media_asset,textbook:P5-T3;task_inventory:P5-T3;capability_graph_v2:AU-09,media_extracted_pending_review,IMG-343,not_applicable,not_applicable,not_applicable,not_applicable,,,,draft,pending_media_review,media;copyright;editorial,high,redraw_required,,current,media_reference_node,reports/课程能力图谱V2关系边表.csv;assets/media/,可用类复测图需重绘。
N-V03-0111,R-01,投诉线索归类互动,resource_activity,P4T2-N01,P4,,P4-T2,,not_applicable,,not_applicable,,generated_output;overall_prototype,samples/digital_textbook_overall_prototype/data.js,output_binding,投诉线索归类互动,投诉线索归类互动,互动,样章内已有学习活动,样章内已有学习活动,R-01,互动,,draft,pending_editorial_review,editorial;professional,medium,,,current,resource_binding_from_overall_prototype,samples/digital_textbook_overall_prototype/data.js,教学模拟，待专业复核
N-V03-0112,R-02,覆盖/移动性指标表,resource_activity,P4T2-N03/P4T2-N04,P4,,P4-T2,,not_applicable,,not_applicable,,generated_output;overall_prototype,samples/digital_textbook_overall_prototype/data.js,output_binding,覆盖/移动性指标表,覆盖/移动性指标表,表格,样章内已有,样章内已有,R-02,表格,,draft,pending_editorial_review,editorial;professional,medium,,,current,resource_binding_from_overall_prototype,samples/digital_textbook_overall_prototype/data.js,阈值待专业复核
N-V03-0113,R-03,指标行标注活动,resource_activity,P4T2-N05,P4,,P4-T2,,not_applicable,,not_applicable,,generated_output;overall_prototype,samples/digital_textbook_overall_prototype/data.js,output_binding,指标行标注活动,指标行标注活动,互动,样章内已有学习活动,样章内已有学习活动,R-03,互动,,draft,pending_editorial_review,editorial;professional,medium,,,current,resource_binding_from_overall_prototype,samples/digital_textbook_overall_prototype/data.js,教学模拟，待专业复核
N-V03-0114,R-04,结论拼装与修正句,resource_activity,P4T2-N07/P4T2-N08,P4,,P4-T2,,not_applicable,,not_applicable,,generated_output;overall_prototype,samples/digital_textbook_overall_prototype/data.js,output_binding,结论拼装与修正句,结论拼装与修正句,学习单,样章内已有,样章内已有,R-04,学习单,,draft,pending_editorial_review,editorial;professional,medium,,,current,resource_binding_from_overall_prototype,samples/digital_textbook_overall_prototype/data.js,待一线试看
N-V03-0115,R-05,教师2课时带教材料,resource_activity,P4T2-N01-P4T2-N08,P4,,P4-T2,,not_applicable,,not_applicable,,generated_output;overall_prototype,samples/digital_textbook_overall_prototype/data.js,output_binding,教师2课时带教材料,教师2课时带教材料,教师材料,样章内已有,样章内已有,R-05,教师材料,,draft,pending_editorial_review,editorial;professional,medium,,,current,resource_binding_from_overall_prototype,samples/digital_textbook_overall_prototype/data.js,待一线教师试看
N-V03-0116,R-06,全书媒体池,resource_activity,多节点,全书,,多任务,,not_applicable,,not_applicable,,generated_output;overall_prototype,samples/digital_textbook_overall_prototype/data.js,output_binding,全书媒体池,全书媒体池,图片/截图,已抽取，未治理完成,已抽取，未治理完成,R-06,图片/截图,,draft,pending_editorial_review,editorial;professional,high,,,current,resource_binding_from_overall_prototype,samples/digital_textbook_overall_prototype/data.js,不可默认发布
N-V03-0117,R-07,课程能力图谱跨层映射表,resource_activity,CG-01-CG-07,全书,,18个任务,,not_applicable,,not_applicable,,generated_output;overall_prototype,samples/digital_textbook_overall_prototype/data.js,output_binding,课程能力图谱跨层映射表,课程能力图谱跨层映射表,结构化数据,已形成,已形成,R-07,结构化数据,,draft,teaching_transformed,editorial;professional,medium,,,current,resource_binding_from_overall_prototype,samples/digital_textbook_overall_prototype/data.js,需后续专家复核图谱合理性
N-V03A-INC-P2T2-001,P2T2-N01,判断测试异常现象与影响范围,detail_capability,P2-T2,P2,项目二：5G网络测试,P2-T2,任务2：5G网络测试问题处理,JP-03,JP-04,AU-03,AU-05,original_textbook;ai_inference,textbook:P2-T2 lines 1958-2082;v03a_increment:P2-T2,increment_trial_revised,先看现场发生了什么,能说清测试现场出现了什么异常、影响哪项测试、是否需要立刻处理。,阅读现场情境，填写异常现象、影响范围和初步类型。,测试异常现象判断单,测试异常现象判断单,P2T2A-C01,text_card;case_card;classification_table,case_intro;problem_classification,trial_split,pending_professional_review,professional;editorial,medium,not_applicable,procedure;case_logic,current,increment_trial_revised,reports/P2-T2增量补拆内部评审报告.md,替代旧版P2T2-N01，强调现象和影响范围，不只做类型分类。
N-V03A-INC-P2T2-002,P2T2-N02,按排查路径处理设备、软件与数据问题,detail_capability,P2-T2,P2,项目二：5G网络测试,P2-T2,任务2：5G网络测试问题处理,JP-03,JP-04,AU-03,AU-05,original_textbook;ai_inference,textbook:P2-T2 lines 1987-2040;image:image83;v03a_increment:P2-T2,increment_trial_revised,按路径排查问题,能按设备连接、供电、软件授权、驱动端口、数据保存的路径完成排查并记录证据。,根据异常现象选择排查分支，完成排查记录和下一步处理动作。,测试问题排查记录单,测试问题排查记录单,P2T2A-C02;P2T2A-C03;P2T2A-C04,text_card;process_table;flowchart;redrawn_image;worksheet,process_ordering;troubleshooting;data_checking,trial_split,pending_media_review,professional;media;editorial,high,redraw_required,tool_screenshot;hardware_safety;data_quality,current,increment_trial_revised,reports/P2-T2增量补拆内部评审报告.md;assets/media/image83.png,整合旧版硬件、软件和数据保存三个节点，具体分支下沉为资源和活动。
N-V03A-INC-P2T2-003,P2T2-N03,完成现场协调与责任升级,detail_capability,P2-T2,P2,项目二：5G网络测试,P2-T2,任务2：5G网络测试问题处理,JP-04,JP-03,AU-05,AU-03,original_textbook;ai_inference,textbook:P2-T2 lines 2042-2054;v03a_increment:P2-T2,increment_trial_revised,知道该找谁、怎么说,能区分项目内部、客户接口人、业主阻拦和后台支撑等协调对象，按合规路径升级问题。,根据现场情境选择责任人、升级路径和合规表达。,现场协调升级记录,现场协调升级记录,P2T2A-C05,scenario_card;matching;worksheet,role_matching;communication_routing,trial_split,pending_professional_review,professional;editorial,medium,not_applicable,work_process;communication,current,increment_trial_revised,reports/P2-T2增量补拆内部评审报告.md,保留旧版协调节点，但强化职业边界和合规表达。
N-V03A-INC-P2T2-004,P2T2-N04,形成问题处理闭环记录与预案,detail_capability,P2-T2,P2,项目二：5G网络测试,P2-T2,任务2：5G网络测试问题处理,JP-04,JP-03,AU-05,AU-03,original_textbook;ai_inference,textbook:P2-T2 lines 2056-2082;v03a_increment:P2-T2,increment_trial_revised,把处理过程写成可复盘记录,能把问题现象、排查过程、处理措施、责任人、处理结果和下次预防措施写成闭环记录。,复盘GPS打点失败案例，形成问题处理记录与预案。,测试问题闭环记录与预案,测试问题闭环记录与预案,P2T2A-C06;P2T2A-C07;P2T2A-C08,case_table;worksheet;report_template,case_analysis;reflection_summary;risk_checking,trial_split,pending_professional_review,professional;editorial,medium,not_applicable,case_logic;conclusion,current,increment_trial_revised,reports/P2-T2增量补拆内部评审报告.md,连接P2-T3数据分析入口，保留问题处理结果作为后续分析背景。
N-V031A-INC-P3T3-001,P3T3-N01,明确参数检查场景与检查对象,detail_capability,P3-T3,P3,项目三：5G网络信息管理,P3-T3,任务3：5G网络参数检查,JP-03,JP-04,AU-04,AU-05,original_textbook;ai_inference,textbook:P3-T3 lines 3834-3848;task_inventory:P3-T3;v031a_revision:P3-T3,increment_revision,先弄清为什么要查参数,我能根据掉话、切换异常、速率下降等现象确定需要检查无线、传输还是核心网参数。,阅读任务情境，选择检查对象，填写参数检查任务单。,参数检查任务单,参数检查任务单,P3T3-C01;P3T3-W01,text_card;case_card;worksheet;classification_table,case_intro;problem_classification,trial_split,pending_professional_review,professional;editorial,medium,not_applicable,procedure;case_logic,current,increment_revision,reports/P3-T3基于V0.3.1主数据补拆验证报告.md;reports/P3-T3增量补拆内部评审报告.md;reports/P3-T3增量补拆修订说明V0.3.1A.md,作为P3-T3入口节点，避免直接从大量公式和截图开始。
N-V031A-INC-P3T3-002,P3T3-N02,识读容量、覆盖与功率参数口径,detail_capability,P3-T3,P3,项目三：5G网络信息管理,P3-T3,任务3：5G网络参数检查,JP-03,JP-04,AU-04,AU-05,original_textbook;ai_inference,textbook:P3-T3 lines 3864-4250;v031a_revision:P3-T3,increment_revision,先读懂参数能说明什么,我能识读容量、覆盖、功率相关公式和参数边界，知道这些参数能支持什么判断、不能直接说明什么。,标注公式中的关键变量，完成规划参数读法与边界表。,规划参数读法与边界表,规划参数读法与边界表,P3T3-C02A;P3T3-C02B;P3T3-C02C;P3T3-W02,text_card;formula_card;parameter_table;worked_example;worksheet,formula_annotation;data_reading;boundary_checking,trial_split,pending_professional_review,professional;editorial,high,redraw_required,formula;threshold;terminology,current,increment_revision,reports/P3-T3基于V0.3.1主数据补拆验证报告.md;reports/P3-T3增量补拆内部评审报告.md;reports/P3-T3增量补拆修订说明V0.3.1A.md,V0.3.1A保留一个参数口径节点，但资源层拆为容量、覆盖/链路预算、功率与接入三类，避免学生端公式堆叠。
N-V031A-INC-P3T3-003,P3T3-N03,完成无线侧参数查询、导出与差异比较,detail_capability,P3-T3,P3,项目三：5G网络信息管理,P3-T3,任务3：5G网络参数检查,JP-03,JP-04,AU-04,AU-05,original_textbook;ai_inference,textbook:P3-T3 lines 3838-3860;lines 4675-4707;images:image147-image176;v031a_revision:P3-T3,increment_revision,会查无线侧参数并看出差异,我能在无线网管或导出表中找到目标小区参数，比较现网数据和目标数据，记录可能异常。,按查询路径排序，核对导出字段，填写无线参数差异检查记录。,无线参数差异检查记录,无线参数差异检查记录,P3T3-C04;P3T3-C05;P3T3-W03;IMG-173-176,redrawn_image;process_table;parameter_table;worksheet,process_ordering;parameter_comparison;data_checking,trial_split,pending_media_review,professional;media;editorial,high,redraw_required,tool_screenshot;parameter_boundary;procedure,current,increment_revision,reports/P3-T3基于V0.3.1主数据补拆验证报告.md;reports/P3-T3增量补拆内部评审报告.md;reports/P3-T3增量补拆修订说明V0.3.1A.md;assets/media/image173.png;assets/media/image174.png;assets/media/image175.png;assets/media/image176.png,无线侧作为三类并列检查分支之一，不再作为传输和核心网检查的前置顺序；原网管截图只作为待审媒体或重绘来源。
N-V031A-INC-P3T3-004,P3T3-N04,完成传输侧参数查询与承载参数核对,detail_capability,P3-T3,P3,项目三：5G网络信息管理,P3-T3,任务3：5G网络参数检查,JP-03,JP-04,AU-04,AU-05,original_textbook;ai_inference,textbook:P3-T3 lines 4251-4335;lines 4709-4730;images:image155-image165;v031a_revision:P3-T3,increment_revision,会核对传输侧是否支撑业务,我能根据站点回传、前传、带宽和QoS相关参数，判断传输侧是否需要进一步核查。,阅读传输参数表和场景说明，完成承载能力与关键参数核对。,传输参数核对记录,传输参数核对记录,P3T3-C06;P3T3-C07;P3T3-W04;IMG-155-165,redrawn_image;parameter_table;scenario_card;worksheet,parameter_comparison;risk_checking;data_checking,trial_split,pending_media_review,professional;media;editorial,high,redraw_required,terminology;parameter_boundary;tool_screenshot,current,increment_revision,reports/P3-T3基于V0.3.1主数据补拆验证报告.md;reports/P3-T3增量补拆内部评审报告.md;reports/P3-T3增量补拆修订说明V0.3.1A.md;assets/media/image155.png;assets/media/image156.png;assets/media/image157.png;assets/media/image158.png;assets/media/image159.png;assets/media/image160.png;assets/media/image161.png;assets/media/image162.png;assets/media/image163.png;assets/media/image164.png;assets/media/image165.png,传输侧作为三类并列检查分支之一，需要结合承载场景判断参数风险；相关组网图和网管截图均需媒体审查。
N-V031A-INC-P3T3-005,P3T3-N05,完成核心网参数查询与业务控制参数核对,detail_capability,P3-T3,P3,项目三：5G网络信息管理,P3-T3,任务3：5G网络参数检查,JP-03,JP-04,AU-04,AU-05,original_textbook;ai_inference,textbook:P3-T3 lines 4336-4753;images:image166-image172;v031a_revision:P3-T3,increment_revision,会核对核心网控制和QoS参数,我能识别核心网控制类参数、QoS参数和业务控制参数，判断它们与接入、注册、业务体验问题之间的关系。,查阅核心网参数表，标出与任务问题有关的参数项和复核风险。,核心网参数核对记录,核心网参数核对记录,P3T3-C08;P3T3-C09;P3T3-W05;IMG-172-177,redrawn_image;parameter_table;concept_card;worksheet,parameter_comparison;terminology_matching;risk_checking,trial_split,pending_media_review,professional;media;editorial,high,redraw_required,protocol;terminology;parameter_boundary,current,increment_revision,reports/P3-T3基于V0.3.1主数据补拆验证报告.md;reports/P3-T3增量补拆内部评审报告.md;reports/P3-T3增量补拆修订说明V0.3.1A.md;assets/media/image172.png;assets/media/image177.png,核心网侧作为三类并列检查分支之一；核心网参数涉及协议和厂家实现差异，必须专业复核后才能进入正式教材。
N-V031A-INC-P3T3-006,P3T3-N06,形成参数异常清单与后续处理建议,detail_capability,P3-T3,P3,项目三：5G网络信息管理,P3-T3,任务3：5G网络参数检查,JP-04,JP-05;JP-06,AU-05,AU-04,original_textbook;ai_inference,textbook:P3-T3 lines 4755-4800;classic_case:image178-image179;v031a_revision:P3-T3,increment_revision,把参数检查结果变成下一步处理建议,我能把无线、传输、核心网检查结果整理成参数异常清单，并说明是否进入参数设置、优化实施或结果验证。,归类异常参数，填写处理建议和复核边界，形成参数异常清单。,参数异常清单与处理建议,参数异常清单与处理建议,P3T3-C10;P3T3-C11;P3T3-RPT01;IMG-178-179,case_table;worksheet;report_template;rubric,case_analysis;proposal_matching;conclusion_writing;risk_checking,trial_split,pending_professional_review,professional;editorial;media,high,redraw_required,case_logic;conclusion;parameter_boundary,current,increment_revision,reports/P3-T3基于V0.3.1主数据补拆验证报告.md;reports/P3-T3增量补拆内部评审报告.md;reports/P3-T3增量补拆修订说明V0.3.1A.md;assets/media/image178.png;assets/media/image179.png,V0.3.1A将AU-06、AU-07收敛为后续流转关系，不再作为本节点次级能力；A3案例图单独纳入媒体审查挂接。
N-V032A-INC-P1T3-001,P1T3-N01,完成投诉应答与处理边界判断,detail_capability,P1-T3,P1,项目一：5G网络信息采集,P1-T3,任务3：投诉信息采集,JP-01,none,AU-01,AU-08,original_textbook;ai_inference,textbook:P1-T3 lines 1263-1354;v032_increment:P1-T3;v032a_revision:P1-T3,increment_revision,先判断这次投诉该怎么接,我能区分投诉紧急程度、升级风险和处理边界，知道哪些情况需要记录、安抚、升级或转入后续核实。,阅读投诉情境，判断投诉类型、紧急程度、升级风险和首问处理边界。,投诉受理与分类记录,投诉受理与分类记录,P1T3-C01;P1T3-C02;P1T3-W01,text_card;case_card;classification_table;worksheet,case_intro;evidence_classification;risk_checking,trial_split,pending_professional_review,professional;editorial;data_security,medium,not_applicable,procedure;communication,current,increment_revision,reports/P1-T3基于V0.3.2主数据补拆验证报告.md;reports/P1-T3增量补拆内部评审报告.md;reports/P1-T3增量补拆修订说明V0.3.2A.md,投诉类型和升级边界下沉为判断卡与分类单；本节点训练入口判断，不训练完整客服话术。
N-V032A-INC-P1T3-002,P1T3-N02,核实投诉关键信息并填写信息单,detail_capability,P1-T3,P1,项目一：5G网络信息采集,P1-T3,任务3：投诉信息采集,JP-01,JP-02,AU-01,AU-02;AU-03,original_textbook;ai_inference,textbook:P1-T3 lines 1342-1378;lines 1488-1529;v032_increment:P1-T3;v032a_revision:P1-T3,increment_revision,把客户说的问题记完整,我能把客户口述转成时间、地点、业务类型、终端、号码、频率、影响范围和可分析问题背景，并区分哪些信息必须脱敏。,从投诉电话或工单中提取关键字段，填写用户投诉信息单，并标注个人信息脱敏和授权要求。,用户投诉信息单,用户投诉信息单,P1T3-C03;P1T3-TBL01;P1T3-W02;P1T3-PRIV01,text_card;table;worksheet;checklist,data_reading;data_checking;risk_checking,trial_split,pending_editorial_review,professional;editorial;data_security,high,not_applicable,data_source;procedure;privacy,current,increment_revision,reports/P1-T3基于V0.3.2主数据补拆验证报告.md;reports/P1-T3增量补拆内部评审报告.md;reports/P1-T3增量补拆修订说明V0.3.2A.md,涉及姓名、地址、联系电话、录音和工单信息，必须使用教学模拟或脱敏数据；后续字段规范建议增加更细数据安全字段。
N-V032A-INC-P1T3-003,P1T3-N03,现场核实投诉场景与业务现象,detail_capability,P1-T3,P1,项目一：5G网络信息采集,P1-T3,任务3：投诉信息采集,JP-01,JP-02;JP-03,AU-01,AU-02;AU-03,original_textbook;ai_inference,textbook:P1-T3 lines 1380-1412;v032_increment:P1-T3;v032a_revision:P1-T3,increment_revision,到现场确认问题是不是真的存在,我能根据投诉地点、周边无线环境、业务体验和现场测试现象，确认投诉场景和需要补充采集的信息。,按预约、准备、身份说明、取得同意、现场核实和结果告知流程，记录语音、视频、网页等业务现象。,现场核实记录,现场核实记录,P1T3-C04;P1T3-C05;P1T3-W03,process_table;scenario_card;checklist;worksheet,process_ordering;data_checking;risk_checking,trial_split,pending_professional_review,professional;editorial;data_security,medium,not_applicable,procedure;case_logic,current,increment_revision,reports/P1-T3基于V0.3.2主数据补拆验证报告.md;reports/P1-T3增量补拆内部评审报告.md;reports/P1-T3增量补拆修订说明V0.3.2A.md,现场核实是P1到P2测试准备的桥接节点，不能写成完整测试教学；现场记录仍需客户知情和信息保护。
N-V032A-INC-P1T3-004,P1T3-N04,形成投诉初判与后续任务入口,detail_capability,P1-T3,P1,项目一：5G网络信息采集,P1-T3,任务3：投诉信息采集,JP-01,JP-04;JP-05,AU-01,AU-05,original_textbook;ai_inference,textbook:P1-T3 lines 1414-1486;classic_case lines 1550-1579;v032_increment:P1-T3;v032a_revision:P1-T3,increment_revision,把核实结果变成下一步任务入口,我能根据投诉信息和现场核实结果形成初步问题类型，判断后续应进入测试、数据分析、结果验证或继续跟踪。,阅读核实记录和教学模拟案例，标出问题初判、证据不足点和后续任务入口。,投诉初判与后续任务入口单,投诉初判与后续任务入口单,P1T3-C06;P1T3-C08A;P1T3-W04,case_card;classification_table;worksheet;rubric,case_analysis;problem_classification;proposal_matching,trial_split,pending_professional_review,professional;editorial;data_security,high,not_applicable,case_logic;conclusion;procedure,current,increment_revision,reports/P1-T3基于V0.3.2主数据补拆验证报告.md;reports/P1-T3增量补拆内部评审报告.md;reports/P1-T3增量补拆修订说明V0.3.2A.md,N04只形成投诉初判和后续任务入口，不替代P2/P3/P4/P5/P6的专业分析、参数检查、验证和复盘。
N-V032A-INC-P1T3-005,P1T3-N05,沟通处理结果并形成跟踪闭环,detail_capability,P1-T3,P1,项目一：5G网络信息采集,P1-T3,任务3：投诉信息采集,JP-01,JP-06,AU-01,AU-08,original_textbook;ai_inference,textbook:P1-T3 lines 1414-1486;classic_case lines 1550-1579;v032_increment:P1-T3;v032a_revision:P1-T3,increment_revision,把能说的说清楚，不能承诺的留边界,我能根据处理状态选择合适反馈口径，说明已解决、短期可解决或短期无法解决的边界，并形成后续跟踪记录。,比较反馈话术，删去越权承诺和未经证实结论，填写处理结果、客户反馈和跟踪要求。,投诉处理反馈单,投诉处理反馈单,P1T3-C07;P1T3-C08B;P1T3-PRIV02;P1T3-RPT01,text_card;case_table;checklist;report_template;rubric,correction_revision;risk_checking;conclusion_writing,trial_split,pending_editorial_review,professional;editorial;data_security,high,not_applicable,communication;privacy;conclusion,current,increment_revision,reports/P1-T3基于V0.3.2主数据补拆验证报告.md;reports/P1-T3增量补拆内部评审报告.md;reports/P1-T3增量补拆修订说明V0.3.2A.md,N05训练客户沟通、服务承诺边界、电话录音授权和跟踪闭环；反馈话术不能作为学生可机械套用文本。
N-V04-INC-P2T1-001,P2T1-N01,明确DT/CQT测试任务与验收口径,detail_capability,P2-T1,P2,项目二：5G网络测试,P2-T1,任务1：DT/CQT测试准备和执行,JP-02,JP-01;JP-03,AU-02,AU-01;AU-03,original_textbook;ai_inference,textbook:P2-T1 lines 1596-1663;task_inventory:P2-T1,increment_trial,先弄清这次测试要证明什么,我能区分DT和CQT的任务目标，确认测试对象、业务类型、指标口径、所需数据和验收边界。,阅读测试任务说明，圈出测试对象、业务类型、需要采集的数据和需要达成的测试口径。,测试任务与指标口径确认单,测试任务与指标口径确认单,P2T1-C01;P2T1-W01;textbook-image74-78,text_card;concept_diagram;worksheet;comparison_table,case_intro;task_analysis;data_checking,trial_split,pending_professional_review,professional;editorial;student_text,medium,redraw_required,terminology;procedure;data_source,current,increment_trial,reports/P2-T1基于V0.4主数据补拆验证报告.md;extracted/textbook.md,NSA和SA组网内容作为背景资源处理，不能替代本节点的测试任务确认。
N-V04-INC-P2T1-002,P2T1-N02,准备测试资料、工具设备与入场许可,detail_capability,P2-T1,P2,项目二：5G网络测试,P2-T1,任务1：DT/CQT测试准备和执行,JP-02,JP-01,AU-02,AU-01,original_textbook;ai_inference,textbook:P2-T1 lines 1665-1774;task_inventory:P2-T1,increment_trial,把测试前该准备的东西查全,我能根据测试计划准备工参、邻区表、仿真报告、FTP信息、测试终端、车辆、人员和入场许可，并知道哪些信息不能直接公开。,按资料、工具、人员车辆、客户接口、入场许可和数据安全边界填写测试准备核对单。,测试准备核对单,测试准备核对单,P2T1-C02;P2T1-TBL01;P2T1-PERM01;P2T1-SAFE01,checklist;table;worksheet;scenario_card,data_checking;risk_checking;process_ordering,trial_split,pending_editorial_review,professional;editorial;data_security;teaching_validation,high,not_applicable,procedure;authorization;privacy,current,increment_trial,reports/P2-T1基于V0.4主数据补拆验证报告.md;extracted/textbook.md,GPS、扫频仪、加密狗、逆变器等只作为工具资源和核对项，不单独升格为能力节点。
N-V04-INC-P2T1-003,P2T1-N03,配置测试软硬件并完成连通性检查,detail_capability,P2-T1,P2,项目二：5G网络测试,P2-T1,任务1：DT/CQT测试准备和执行,JP-02,JP-03,AU-02,AU-03,original_textbook;ai_inference,textbook:P2-T1 lines 1700-1774;lines 1817-1848;images:image79-image82,increment_trial,先确认设备和软件真的能采集,我能按连接关系检查测试手机、GPS、扫频仪、笔记本、采集软件、license和数据保存环境，判断是否具备开始测试条件。,按设备连接图和软件状态提示完成连通性检查，记录异常并判断是否需要转入P2-T2问题处理。,设备连接与软件配置检查记录,设备连接与软件配置检查记录,P2T1-C03;P2T1-W02;P2T1-IMG79;P2T1-IMG80;P2T1-IMG81;P2T1-IMG82,process_table;checklist;redrawn_image;worksheet,process_ordering;data_checking;risk_checking,trial_split,pending_media_review,professional;media;editorial;teaching_validation,high,redraw_required,procedure;tool_screenshot;data_source,current,increment_trial,reports/P2-T1基于V0.4主数据补拆验证报告.md;assets/media/image79.png;assets/media/image80.png;assets/media/image81.png;assets/media/image82.png,软件安装和测试任务配置截图必须媒体审查或重绘，不能裸用为正式教材图。
N-V04-INC-P2T1-004,P2T1-N04,规划DT路线与CQT测试场景,detail_capability,P2-T1,P2,项目二：5G网络测试,P2-T1,任务1：DT/CQT测试准备和执行,JP-02,JP-03,AU-02,AU-03,original_textbook;ai_inference,textbook:P2-T1 lines 1775-1807;lines 1872-1882,increment_trial,把测试路线和测试点设计清楚,我能根据站点开通、道路、重叠区、投诉区域、CQT室内外场景和近中远点要求，形成可执行测试路线和测试点计划。,在路线规划表中标注DT路线、行驶方向、重叠区、CQT室内外场景和测试点选择理由。,测试路线与场景规划表,测试路线与场景规划表,P2T1-C04;P2T1-TBL02;P2T1-W03;P2T1-MAP01,route_map;table;worksheet;scenario_card,route_planning;boundary_checking;scenario_mapping,trial_split,pending_professional_review,professional;editorial;data_security;teaching_validation,high,redraw_required,procedure;threshold;data_source,current,increment_trial,reports/P2-T1基于V0.4主数据补拆验证报告.md;extracted/textbook.md,路线规划涉及道路安全、位置信息和测试边界，正式资源应使用教学模拟地图或脱敏路线。
N-V04-INC-P2T1-005,P2T1-N05,执行DT路测采集并记录异常事件,detail_capability,P2-T1,P2,项目二：5G网络测试,P2-T1,任务1：DT/CQT测试准备和执行,JP-02,JP-03;JP-04,AU-02,AU-03;AU-05,original_textbook;ai_inference,textbook:P2-T1 lines 1799-1870;classic_case lines 1911-1942,increment_trial,边路测边保证数据可用,我能在DT路测过程中确认设备运行、GPS打点、业务测试和LOG记录状态，遇到中断、未知PCI或异常事件时做记录并触发后续处理。,按DT采集流程执行测试记录，填写设备状态、异常时间地点、现场情况和是否转入问题处理。,DT采集与异常事件记录,DT采集与异常事件记录,P2T1-C05;P2T1-W04;P2T1-CASE01;P2T1-SAFE02,process_card;worksheet;case_card;checklist,data_collection;exception_recording;risk_checking,trial_split,pending_professional_review,professional;editorial;data_security;teaching_validation,high,redraw_required,procedure;case_logic;data_source,current,increment_trial,reports/P2-T1基于V0.4主数据补拆验证报告.md;extracted/textbook.md,DT路测涉及车辆、设备供电和现场安全，教学活动应先使用模拟数据和安全边界说明。
N-V04-INC-P2T1-006,P2T1-N06,执行CQT定点业务测试并记录质量,detail_capability,P2-T1,P2,项目二：5G网络测试,P2-T1,任务1：DT/CQT测试准备和执行,JP-02,JP-03,AU-02,AU-03,original_textbook;ai_inference,textbook:P2-T1 lines 1872-1900,increment_trial,在固定场景把业务质量测完整,我能按CQT场景、测试时间、测试点、主被叫次数、数据业务要求和近中远点要求记录业务质量。,按CQT测试记录表完成语音、数据业务、场景位置、测试卡和测试人员信息的教学化记录。,CQT业务测试记录,CQT业务测试记录,P2T1-C06;P2T1-W05;P2T1-TBL03;P2T1-SAFE03,scenario_card;worksheet;table;checklist,scenario_testing;data_checking;risk_checking,trial_split,pending_professional_review,professional;editorial;data_security;teaching_validation,high,not_applicable,procedure;threshold;privacy,current,increment_trial,reports/P2-T1基于V0.4主数据补拆验证报告.md;extracted/textbook.md,CQT记录可能涉及人员、场地、测试卡和真实环境信息，正式教材需使用模拟或脱敏记录。
N-V04-INC-P2T1-007,P2T1-N07,保存测试LOG并移交测试资料包,detail_capability,P2-T1,P2,项目二：5G网络测试,P2-T1,任务1：DT/CQT测试准备和执行,JP-02,JP-03,AU-02,AU-03,original_textbook;ai_inference,textbook:P2-T1 lines 1840-1902;lines 1947-1957,increment_trial,把采集结果交给后续分析的人能用,我能按测试任务保存LOG、命名文件、汇总测试点、设备、卡号、异常事件和业务质量信息，并形成可移交的测试资料包。,整理LOG、路线图、测试点、异常记录和CQT记录，形成交付清单并说明后续分析入口。,测试数据交付包,测试数据交付包,P2T1-C07;P2T1-W06;P2T1-RPT01;P2T1-HANDOFF01,report_template;checklist;worksheet;data_package,data_archiving;handoff;quality_checking,trial_split,pending_professional_review,professional;editorial;data_security;platform;teaching_validation,high,not_applicable,data_source;procedure;publication_boundary,current,increment_trial,reports/P2-T1基于V0.4主数据补拆验证报告.md;extracted/textbook.md,测试LOG和交付包是P2-T2和P2-T3输入，不能包含真实敏感网络数据或未授权个人信息。
N-V034-INC-P4T1-001,P4T1-N01,明确优化对象与实施边界,detail_capability,P4-T1,P4,项目四：5G端到端网络优化,P4-T1,任务1：5G网络优化方案实施,JP-04,JP-05,AU-05,AU-06,original_textbook;ai_inference,textbook:P4-T1 lines 5188-5199;task_inventory:P4-T1,increment_trial,先弄清这次到底要优化什么,我能根据问题现象和已有整改建议确认优化对象、实施边界和不能直接操作的内容。,阅读任务情境和前序建议，填写优化实施任务单。,优化实施任务单,优化实施任务单,P4T1-C01;P4T1-W01,case_card;worksheet;boundary_table,case_intro;task_analysis;boundary_checking,trial_split,pending_professional_review,professional;editorial;student_text,medium,not_applicable,procedure;data_source,current,increment_trial,reports/P4-T1基于V0.3.4主数据补拆验证报告.md;extracted/textbook.md,承接P2T3整改建议和P3T3参数异常清单，不直接进入软件操作。
N-V034-INC-P4T1-002,P4T1-N02,区分优化动作类型与责任边界,detail_capability,P4-T1,P4,项目四：5G端到端网络优化,P4-T1,任务1：5G网络优化方案实施,JP-05,JP-04,AU-06,AU-05,original_textbook;ai_inference,textbook:P4-T1 lines 5194-5204;lines 5686-5732,increment_trial,先判断这件事属于哪类优化动作,我能区分天线、无线、承载网和核心网方向，并说明哪些动作需要工程授权或专业岗位协同。,根据现象和建议选择优化动作类型，填写责任边界表。,优化动作分类与责任边界表,优化动作分类与责任边界表,P4T1-C02;P4T1-W02;P4T1-ACT02,classification_table;scenario_card;worksheet,problem_classification;risk_checking,trial_split,pending_professional_review,professional;editorial;teaching_validation,high,not_applicable,procedure;authorization;publication_boundary,current,increment_trial,reports/P4-T1基于V0.3.4主数据补拆验证报告.md;extracted/textbook.md,天线、无线、承载和核心网作为分支场景，不拆成四个平行能力节点。
N-V034-INC-P4T1-003,P4T1-N03,读取关键参数与变更依据,detail_capability,P4-T1,P4,项目四：5G端到端网络优化,P4-T1,任务1：5G网络优化方案实施,JP-05,JP-03;JP-04,AU-06,AU-04;AU-05,original_textbook;ai_inference,textbook:P4-T1 lines 5206-5684;lines 5686-5732;images:image208;image228-image232,increment_trial,会从参数里找出调整依据,我能从教学化参数表或重绘界面中识别支撑优化动作的关键参数，并说明参数能支持什么判断。,标注关键参数、当前状态、建议动作和还缺少的复核信息。,参数依据记录表,参数依据记录表,P4T1-C03;P4T1-C04;P4T1-IMG01;P4T1-W03,parameter_table;redrawn_image;worksheet;case_card,parameter_annotation;data_reading;boundary_checking,trial_split,pending_media_review,professional;media;editorial;student_text,high,redraw_required,tool_screenshot;terminology;data_source,current,increment_trial,reports/P4-T1基于V0.3.4主数据补拆验证报告.md;assets/media/image208.png;assets/media/image228.png;assets/media/image229.png;assets/media/image230.png;assets/media/image231.png;assets/media/image232.png,原教材大量截图只能作为待审媒体和重绘来源，不能裸进学生端。
N-V034-INC-P4T1-004,P4T1-N04,制定实施步骤与风险回退检查,detail_capability,P4-T1,P4,项目四：5G端到端网络优化,P4-T1,任务1：5G网络优化方案实施,JP-05,JP-04,AU-06,AU-05,original_textbook;ai_inference,textbook:P4-T1 lines 5686-5732,increment_trial,把优化动作排成可控步骤,我能把拟实施动作排成受控步骤，并补充影响范围、回退条件、复核人和实施前检查。,对实施步骤排序，补充风险、影响范围和回退检查。,实施步骤与回退检查单,实施步骤与回退检查单,P4T1-C05;P4T1-W04;P4T1-ACT04,process_table;checklist;worksheet,process_ordering;risk_checking;boundary_checking,trial_split,pending_professional_review,professional;editorial;teaching_validation,high,not_applicable,procedure;authorization;publication_boundary,current,increment_trial,reports/P4-T1基于V0.3.4主数据补拆验证报告.md;extracted/textbook.md,本节点训练受控实施思路，不是让学生独立操作真实网络。
N-V034-INC-P4T1-005,P4T1-N05,记录实施结果与变更凭据,detail_capability,P4-T1,P4,项目四：5G端到端网络优化,P4-T1,任务1：5G网络优化方案实施,JP-05,JP-06,AU-06,AU-07,original_textbook;ai_inference,textbook:P4-T1 lines 5686-5732;task_inventory:P4-T1,increment_trial,把做过什么和为什么做记录清楚,我能记录变更前后参数、操作依据、执行结果、异常备注和后续验证要求，让优化实施可以追溯。,填写优化实施变更记录，并标出需要保留的凭据。,优化实施变更记录,优化实施变更记录,P4T1-C06;P4T1-W05,worksheet;record_template;evidence_table,record_completion;evidence_checking,trial_split,pending_professional_review,professional;editorial;data_security;teaching_validation,high,not_applicable,procedure;data_source;authorization,current,increment_trial,reports/P4-T1基于V0.3.4主数据补拆验证报告.md;extracted/textbook.md,变更记录必须使用教学模拟或脱敏材料，不得暴露真实网元和真实工程参数。
N-V034-INC-P4T1-006,P4T1-N06,形成复测验证入口并交接P4-T2,detail_capability,P4-T1,P4,项目四：5G端到端网络优化,P4-T1,任务1：5G网络优化方案实施,JP-06,JP-05,AU-07,AU-06,original_textbook;ai_inference,textbook:P4-T1 lines 5758-5799;P4-T2 bridge,increment_trial,优化后还要交给验证来判断,我能把实施记录整理成复测验证入口，说明需要复测的场景、指标、数据来源和不能直接下结论的边界。,汇总复测指标、验证场景和交接材料，形成复测验证交接清单。,复测验证交接清单,复测验证交接清单,P4T1-C07;P4T1-W06;P4T1-ACT06,text_card;worksheet;matching_activity,validation_planning;handoff_checking,trial_split,pending_professional_review,professional;editorial;student_text;teaching_validation,medium,redraw_required,case_logic;conclusion;data_source,current,increment_trial,reports/P4-T1基于V0.3.4主数据补拆验证报告.md;extracted/textbook.md,本节点只形成验证入口，不代表优化效果已经达标。
N-V035-INC-P4T3-001,P4T3-N01,明确报告对象与交付口径,detail_capability,P4-T3,P4,项目四：5G端到端网络优化,P4-T3,任务3：5G网络优化报告输出,JP-06,none,AU-08,AU-07,original_textbook;ai_inference,textbook:P4-T3 lines 7053-7074;task_inventory:P4-T3,increment_trial,先弄清报告要交给谁和说明什么,我能根据客户要求和任务情境确认报告类型、交付对象、交付口径和不能直接承诺的内容。,阅读任务要求并填写报告交付口径确认单。,报告交付口径确认单,报告交付口径确认单,P4T3-C01;P4T3-W01;P4T3-ACT01,task_card;worksheet;boundary_table,task_analysis;report_type_identification;boundary_checking,trial_split,pending_professional_review,professional;editorial;student_text,medium,not_applicable,conclusion;customer_communication;publication_boundary,current,increment_trial,reports/P4-T3基于V0.3.5主数据补拆验证报告.md;extracted/textbook.md,本节点训练报告对象和交付口径确认，不训练对外承诺。
N-V035-INC-P4T3-002,P4T3-N02,归集实施与验证证据,detail_capability,P4-T3,P4,项目四：5G端到端网络优化,P4-T3,任务3：5G网络优化报告输出,JP-06,JP-05;JP-03,AU-08,AU-06;AU-07;AU-03,original_textbook;ai_inference,textbook:P4-T3 lines 7076-7110;P4-T1 bridge;P4-T2 bridge,increment_trial,报告不能凭空写，要先把证据找齐,我能从实施记录、复测入口、验证结论和测试分析报告中选择能进入报告的证据，并说明证据能证明什么。,整理实施记录、验证结论和测试分析材料，填写报告证据链清单。,报告证据链清单,报告证据链清单,P4T3-C02;P4T3-W02;P4T3-ACT02,text_card;evidence_table;worksheet,evidence_classification;data_source_checking,trial_split,pending_professional_review,professional;editorial;data_security;student_text,high,not_applicable,data_source;conclusion;authorization,current,increment_trial,reports/P4-T3基于V0.3.5主数据补拆验证报告.md;extracted/textbook.md,承接P4T1-N05、P4T1-N06、P4T2-N07、P2T3-N08；证据不足时应回流补充验证依据。
N-V035-INC-P4T3-003,P4T3-N03,选择报告结构并组织材料,detail_capability,P4-T3,P4,项目四：5G端到端网络优化,P4-T3,任务3：5G网络优化报告输出,JP-06,none,AU-08,AU-07,original_textbook;ai_inference,textbook:P4-T3 lines 7076-7108,increment_trial,选对结构，把材料排成别人能看懂的报告,我能区分KPI指标优化类、测试指标优化类和案例类报告组织方式，并根据任务情境排列材料。,根据任务情境选择报告结构，排列问题概述、证据、措施、结果和案例材料。,报告结构草稿,报告结构草稿,P4T3-C03;P4T3-W03;P4T3-ACT03,report_template;structure_card;worksheet,report_structure_selection;material_ordering,trial_split,pending_editorial_review,professional;editorial;student_text,medium,not_applicable,template;publication_boundary;conclusion,current,increment_trial,reports/P4-T3基于V0.3.5主数据补拆验证报告.md;extracted/textbook.md,报告结构作为组织工具，不能替代能力节点。
N-V035-INC-P4T3-004,P4T3-N04,对比指标并写出结论边界,detail_capability,P4-T3,P4,项目四：5G端到端网络优化,P4-T3,任务3：5G网络优化报告输出,JP-06,JP-03,AU-08,AU-07;AU-03,original_textbook;ai_inference,textbook:P4-T3 lines 7198-7275;table:4-3-2,increment_trial,看懂优化前后数据，再写能站得住的结论,我能根据优化前后指标对比说明改善、达标、劣化、未闭环和需二次分析的边界。,阅读覆盖方案对比表，改写过度结论，形成有依据和边界的指标结论段。,指标对比结论段,指标对比结论段,P4T3-C04;P4T3-W04;P4T3-ACT04,data_table;worksheet;rubric,comparison_analysis;conclusion_writing;boundary_checking,trial_split,pending_professional_review,professional;editorial;student_text;teaching_validation,high,not_applicable,threshold;conclusion;data_source,current,increment_trial,reports/P4-T3基于V0.3.5主数据补拆验证报告.md;extracted/textbook.md,总采样点增长与覆盖率下降并存，必须训练改善不等于达标。
N-V035-INC-P4T3-005,P4T3-N05,编写典型案例分析段落,detail_capability,P4-T3,P4,项目四：5G端到端网络优化,P4-T3,任务3：5G网络优化报告输出,JP-06,JP-04;JP-05,AU-08,AU-05;AU-06;AU-07,original_textbook;ai_inference,textbook:P4-T3 lines 7150-7197;images:image300-image301,increment_trial,把一个典型问题讲清楚，而不是只贴图,我能把典型案例写成问题现象、原因判断、优化措施、效果证据和注意事项组成的分析段落。,基于越区覆盖案例补齐案例分析链条，并标出截图和站点信息的待审边界。,典型案例分析段,典型案例分析段,P4T3-C05;P4T3-W05;P4T3-IMG01;P4T3-ACT05,case_card;worksheet;screenshot;redrawn_image,case_analysis;evidence_classification;media_review,trial_split,pending_media_review,professional;media;editorial;data_security;student_text,high,redraw_required,case_logic;data_security;tool_screenshot;conclusion,current,increment_trial,reports/P4-T3基于V0.3.5主数据补拆验证报告.md;assets/media/image300.png;assets/media/image301.png,原教材站点案例和测试截图只能作为待审来源，正式学生端需脱敏和教学化重绘。
N-V035-INC-P4T3-006,P4T3-N06,修订报告表达并准备客户沟通,detail_capability,P4-T3,P4,项目四：5G端到端网络优化,P4-T3,任务3：5G网络优化报告输出,JP-06,JP-07,AU-08,AU-07,original_textbook;ai_inference,textbook:P4-T3 lines 7276-7335,increment_trial,把报告改到能提交，也能说明还不能承诺什么,我能根据评价量规修订报告结论，并准备客户沟通要点和待确认问题。,对报告样稿进行二次修订，删除越权承诺，形成客户沟通提纲和待确认问题清单。,优化报告输出样稿与沟通提纲,优化报告输出样稿与沟通提纲,P4T3-C06;P4T3-W06;P4T3-ACT06,report_template;rubric;communication_script,correction_revision;customer_communication;reflection_summary,trial_split,pending_editorial_review,professional;editorial;student_text;teaching_validation,high,not_applicable,customer_communication;publication_boundary;conclusion,current,increment_trial,reports/P4-T3基于V0.3.5主数据补拆验证报告.md;extracted/textbook.md,沟通提纲只训练职业表达和待确认问题，不训练商务承诺或真实对外声明。
N-V036-INC-P3T2-001,P3T2-N01,明确监控任务与账号权限边界,detail_capability,P3-T2,P3,项目三：5G网络信息管理,P3-T2,任务2：5G网络运行监控,JP-03,none,AU-04,none,original_textbook;ai_inference,textbook:P3-T2 lines 2709-2812;task_inventory:P3-T2,increment_trial,先弄清这次监控任务和账号能做什么,我能根据监控任务判断需要查看哪些对象和数据并说明哪些账号操作不能在真实系统中随意执行。,阅读任务情境和权限说明并填写监控任务与权限边界单。,监控任务与权限边界单,监控任务与权限边界单,P3T2-C01;P3T2-W01;P3T2-ACT01,task_card;boundary_table;worksheet,task_analysis;permission_boundary_checking,trial_split,pending_professional_review,professional;data_security;student_text,high,not_applicable,authorization;privacy;procedure,current,increment_trial,reports/P3-T2基于V0.3.6主数据补拆验证报告.md;extracted/textbook.md,本节点训练权限边界识别和教学仿真边界，不训练真实网管账号增删改。
N-V036-INC-P3T2-002,P3T2-N02,筛选当前告警并判断优先级,detail_capability,P3-T2,P3,项目三：5G网络信息管理,P3-T2,任务2：5G网络运行监控,JP-03,none,AU-04,none,original_textbook;ai_inference,textbook:P3-T2 lines 2814-2874;task_inventory:P3-T2,increment_trial,先从当前告警里找出最该关注的问题,我能读取告警级别、状态、对象和时间并说明哪些告警需要优先关注。,查看当前告警样例并完成告警优先级筛选记录。,当前告警筛选记录,当前告警筛选记录,P3T2-C02;P3T2-W02;P3T2-ACT02,knowledge_card;table;interactive_activity,alert_filtering;priority_judgement,trial_split,pending_professional_review,professional;media;student_text,high,pending_media_review,alarm_priority;procedure;tool_screenshot,current,increment_trial,reports/P3-T2基于V0.3.6主数据补拆验证报告.md;extracted/textbook.md,当前告警截图和告警表只能作为待审资源，优先级判断需专业复核。
N-V036-INC-P3T2-003,P3T2-N03,追溯历史告警与典型案例线索,detail_capability,P3-T2,P3,项目三：5G网络信息管理,P3-T2,任务2：5G网络运行监控,JP-03,none,AU-04,none,original_textbook;ai_inference,textbook:P3-T2 lines 2861-2874;3681-3810;task_inventory:P3-T2,increment_trial,把当前告警放到时间线里看,我能对比当前告警和历史告警并判断问题是否持续、复现或接近典型案例线索。,对比当前告警、历史告警和典型案例线索并填写历史告警追溯卡。,历史告警追溯卡,历史告警追溯卡,P3T2-C03;P3T2-CASE01;P3T2-W03,case_card;timeline_card;worksheet,historical_alarm_tracing;case_comparison,trial_split,pending_professional_review,professional;media;case_authenticity;student_text,high,pending_media_review,case_logic;alarm_cause;procedure,current,increment_trial,reports/P3-T2基于V0.3.6主数据补拆验证报告.md;extracted/textbook.md,典型告警案例需脱敏、复核和教学化改写，不能直接作为现场处置规程。
N-V036-INC-P3T2-004,P3T2-N04,创建或选择性能指标查询模板,detail_capability,P3-T2,P3,项目三：5G网络信息管理,P3-T2,任务2：5G网络运行监控,JP-03,none,AU-04,none,original_textbook;ai_inference,textbook:P3-T2 lines 3299-3367;3576-3619;task_inventory:P3-T2,increment_trial,查询指标前先选对对象、时间和口径,我能根据监控问题选择指标类别、测量对象、统计粒度和查询范围。,根据任务情境完成性能指标查询配置单。,性能指标查询配置单,性能指标查询配置单,P3T2-C04;P3T2-W04;P3T2-ACT04,reference_card;configuration_form;interactive_activity,indicator_template_selection;scope_setting,trial_split,pending_professional_review,professional;media;student_text,high,pending_media_review,metric_threshold;data_source;tool_screenshot,current,increment_trial,reports/P3-T2基于V0.3.6主数据补拆验证报告.md;extracted/textbook.md,指标类别和查询模板可教学化，但厂家计数器口径和阈值需专业复核。
N-V036-INC-P3T2-005,P3T2-N05,查询指标并识别异常变化,detail_capability,P3-T2,P3,项目三：5G网络信息管理,P3-T2,任务2：5G网络运行监控,JP-03,none,AU-04,none,original_textbook;ai_inference,textbook:P3-T2 lines 3351-3468;3619-3658;task_inventory:P3-T2,increment_trial,从查询结果里找出异常变化但不急着下结论,我能从指标结果中识别异常小区、异常时间段和异常类别并说明不能直接推出的结论。,读取教学化指标表并标注TOP异常、趋势变化和判断边界。,指标异常识别表,指标异常识别表,P3T2-D01;P3T2-W05;P3T2-ACT05,data_table;worksheet;interactive_activity,indicator_reading;anomaly_identification;boundary_explanation,trial_split,pending_professional_review,professional;data_security;student_text,high,pending_media_review,metric_threshold;conclusion;data_source,current,increment_trial,reports/P3-T2基于V0.3.6主数据补拆验证报告.md;extracted/textbook.md,指标异常识别必须避免把模拟数据或教材表格范围写成真实网络诊断结论。
N-V036-INC-P3T2-006,P3T2-N06,结合日志形成监控结论与后续入口,detail_capability,P3-T2,P3,项目三：5G网络信息管理,P3-T2,任务2：5G网络运行监控,JP-03,JP-05;JP-06;JP-07,AU-04,AU-05;AU-07;AU-09;AU-10,original_textbook;ai_inference,textbook:P3-T2 lines 3487-3667;3669-3833;task_inventory:P3-T2,increment_trial,把告警、指标和日志合成下一步建议,我能结合告警、性能指标和日志追溯形成监控结论，并判断下一步进入参数检查、优化实施、持续验证还是信令复盘。,整理告警、指标和日志证据并填写运行监控结论与分流建议单。,运行监控结论与分流建议单,运行监控结论与分流建议单,P3T2-C06;P3T2-W06;P3T2-ACT06;P3T2-MEDIA01,knowledge_card;worksheet;branching_activity;media_review_list,log_tracing;monitoring_conclusion;task_branching,trial_split,pending_professional_review,professional;data_security;media;student_text,high,pending_media_review,log_security;conclusion;procedure;privacy,current,increment_trial,reports/P3-T2基于V0.3.6主数据补拆验证报告.md;extracted/textbook.md,本节点是P3-T2跨任务分流口，日志和账号信息必须脱敏并保留数据安全门禁。
N-V037-INC-P3T4-001,P3T4-N01,明确参数设置任务与变更依据,detail_capability,P3-T4,P3,项目三：5G网络信息管理,P3-T4,任务4：5G网络参数设置,JP-05,JP-03,AU-04,AU-06,original_textbook;ai_inference,textbook:P3-T4 lines 4801-4836;project_chain_review:V0.3.7;task_inventory:P3-T4,increment_trial,先判断这次参数能不能改、为什么改,我能根据监控结论、参数异常清单或案例线索说明是否进入参数设置，并说清教学仿真和真实网管的边界。,阅读任务情境和前置证据，填写参数设置任务与变更依据单。,参数设置任务与变更依据单,参数设置任务与变更依据单,P3T4-C01;P3T4-W01;P3T4-ACT01,task_card;boundary_table;worksheet,change_basis_judgement;authorization_boundary_checking,trial_split,pending_professional_review,professional;data_security;student_text,high,not_applicable,authorization;procedure;operation_boundary,current,increment_trial,reports/P3-T4基于V0.3.7主数据补拆验证报告.md;extracted/textbook.md,本节点只训练变更依据和授权边界判断，不训练真实生产网管下发。
N-V037-INC-P3T4-002,P3T4-N02,识别参数对象与影响范围,detail_capability,P3-T4,P3,项目三：5G网络信息管理,P3-T4,任务4：5G网络参数设置,JP-05,JP-03,AU-04,AU-06,original_textbook;ai_inference,textbook:P3-T4 lines 4837-4938;task_inventory:P3-T4,increment_trial,先看清要改的是哪类参数、会影响什么,我能区分波束、邻区、锚点和切换门限等参数对象，并说明可能影响覆盖、移动性、接入或业务保持。,阅读参数说明和案例线索，完成参数对象与影响边界表。,参数对象与影响边界表,参数对象与影响边界表,P3T4-C02;P3T4-W02;P3T4-ACT02,knowledge_card;parameter_table;worksheet,parameter_object_classification;impact_boundary_marking,trial_split,pending_professional_review,professional;student_text,high,pending_media_review,parameter_meaning;threshold;scenario_applicability,current,increment_trial,reports/P3-T4基于V0.3.7主数据补拆验证报告.md;extracted/textbook.md,参数含义、取值和NSA场景适用性均需专业复核。
N-V037-INC-P3T4-003,P3T4-N03,制定邻区添加、删除或调整方案,detail_capability,P3-T4,P3,项目三：5G网络信息管理,P3-T4,任务4：5G网络参数设置,JP-05,none,AU-04,AU-06,original_textbook;ai_inference,textbook:P3-T4 lines 4874-4952;5028-5102;task_inventory:P3-T4,increment_trial,判断邻区该添加、删除还是调整,我能根据任务场景和参数检查结果选择邻区添加、删除或调整方案，并说明依据和风险。,分析邻区场景，填写邻区调整方案卡。,邻区调整方案卡,邻区调整方案卡,P3T4-C03;P3T4-W03;P3T4-ACT03,principle_card;worksheet;interactive_activity,neighbor_plan_selection;reasoning_chain_completion,trial_split,pending_professional_review,professional;student_text,high,pending_media_review,neighbor_relation;handover;operation_boundary,current,increment_trial,reports/P3-T4基于V0.3.7主数据补拆验证报告.md;extracted/textbook.md,邻区原则不能泛化为固定规则，单向邻区和特殊场景需专业复核。
N-V037-INC-P3T4-004,P3T4-N04,完成教学仿真参数设置并记录证据,detail_capability,P3-T4,P3,项目三：5G网络信息管理,P3-T4,任务4：5G网络参数设置,JP-05,none,AU-06,AU-04,original_textbook;ai_inference,textbook:P3-T4 lines 5020-5112;task_inventory:P3-T4,increment_trial,在教学仿真里完成设置并留下证据,我能在教学仿真或教学化重绘界面中完成参数修改、邻区添加删除或锚点参数设置记录。,按任务要求完成教学仿真设置并填写参数设置操作记录。,参数设置操作记录,参数设置操作记录,P3T4-C04;P3T4-W04;P3T4-M01,flow_card;operation_record;media_review_object,simulation_operation;operation_evidence_recording,trial_split,pending_professional_review,professional;media;data_security;platform,high,pending_media_review,tool_screenshot;authorization;platform_boundary,current,increment_trial,reports/P3-T4基于V0.3.7主数据补拆验证报告.md;extracted/textbook.md,所有截图和操作路径均为教学仿真或重绘对象，不代表真实网管授权。
N-V037-INC-P3T4-005,P3T4-N05,核查设置结果、风险与回退条件,detail_capability,P3-T4,P3,项目三：5G网络信息管理,P3-T4,任务4：5G网络参数设置,JP-05,JP-06,AU-06,AU-07,original_textbook;ai_inference,textbook:P3-T4 lines 5113-5168;task_inventory:P3-T4,increment_trial,设置完不能只看截图，还要判断风险和回退,我能对比设置前后状态，说明是否需要回退、复查、复测或进入信令复盘。,阅读设置结果和案例线索，填写设置结果核查与回退条件单。,设置结果核查与回退条件单,设置结果核查与回退条件单,P3T4-C05;P3T4-W05;P3T4-ACT05,risk_card;worksheet;interactive_activity,result_checking;rollback_condition_judgement,trial_split,pending_professional_review,professional;student_text;case_authenticity,high,pending_media_review,rollback;professional_conclusion;case_logic,current,increment_trial,reports/P3-T4基于V0.3.7主数据补拆验证报告.md;extracted/textbook.md,设置成功不等于优化成功，必须保留复测和回退判断。
N-V037-INC-P3T4-006,P3T4-N06,形成参数变更记录并衔接复测,detail_capability,P3-T4,P3,项目三：5G网络信息管理,P3-T4,任务4：5G网络参数设置,JP-05,JP-06,AU-06,AU-07,original_textbook;ai_inference,textbook:P3-T4 lines 5113-5187;project_chain_review:V0.3.7,increment_trial,把这次参数变更交代清楚，并说明下一步怎么验证,我能整理变更依据、操作证据、核查结果和复测要求，形成可交接的参数变更记录。,填写参数变更记录与复测交接单，并选择进入P4-T1、P4-T2、P5-T3或P6-T2的后续路径。,参数变更记录与复测交接单,参数变更记录与复测交接单,P3T4-C06;P3T4-W06;P3T4-ACT06,template;handover_checklist;interactive_activity,change_recording;retest_handover_routing,trial_split,pending_professional_review,professional;student_text;editorial,high,not_applicable,change_record;handover_boundary;professional_conclusion,current,increment_trial,reports/P3-T4基于V0.3.7主数据补拆验证报告.md;extracted/textbook.md,本节点是P3到P4/P5/P6的交接节点，记录完整性和复测口径需内部评审。
N-V038-INC-P6T1-001,P6T1-N01,明确信令流程学习任务与4G/5G关键差异,detail_capability,P6-T1,P6,项目六：5G信令分析,P6-T1,任务1 5G关键信令流程及解析,JP-07,JP-03;JP-06,AU-10,AU-03;AU-09,original_textbook;professional_standard;digital_textbook_standard;ai_inference,textbook:P6-T1;task_inventory:P6-T1;reports:第九类普通任务增量验证对象选择说明V0.3.8.md;reports:P6-T1基于V0.3.8主数据补拆验证实施计划.md,internal_trial,先知道这节课要看哪些信令,我能对照4G/5G注册、连接、业务、切换、位置更新、寻呼差异，判断本任务关注的5G流程。,对照4G/5G注册、连接、业务、切换、位置更新、寻呼差异，判断本任务关注的5G流程。,信令差异对照卡,信令差异对照卡,P6T1-C01;P6T1-W01,table;concept_card,evidence_classification,trial_split,pending_professional_media_review,professional;media;editorial;student_text,medium,none,protocol_simplification;student_text,candidate,increment_candidate,extracted/textbook.md lines 9638-10065;reports/P6-T1基于V0.3.8主数据补拆验证实施计划.md,4G/5G差异对照表需进入教学化重绘、标注或正文转译，当前不得写成专业复核或媒体审核通过。
N-V038-INC-P6T1-002,P6T1-N02,建立5G SA注册流程框架,detail_capability,P6-T1,P6,项目六：5G信令分析,P6-T1,任务1 5G关键信令流程及解析,JP-07,JP-03;JP-06,AU-10,AU-03;AU-09,original_textbook;professional_standard;digital_textbook_standard;ai_inference,textbook:P6-T1;task_inventory:P6-T1;reports:第九类普通任务增量验证对象选择说明V0.3.8.md;reports:P6-T1基于V0.3.8主数据补拆验证实施计划.md,internal_trial,先把手机入网流程串起来,我能按同步、随机接入、RRC建立、AMF选择、鉴权、安全、注册接受、注册完成梳理注册流程。,按同步、随机接入、RRC建立、AMF选择、鉴权、安全、注册接受、注册完成梳理注册流程。,注册流程顺序图,注册流程顺序图,P6T1-C02;P6T1-W02,redrawn_image;process_card,process_ordering,trial_split,pending_professional_media_review,professional;media;editorial;student_text,high,redraw_required,signal_flow;protocol_process;media,candidate,increment_candidate,extracted/textbook.md lines 9638-10065;reports/P6-T1基于V0.3.8主数据补拆验证实施计划.md,注册流程重绘图需进入教学化重绘、标注或正文转译，当前不得写成专业复核或媒体审核通过。
N-V038-INC-P6T1-003,P6T1-N03,识读注册关键消息与核心字段,detail_capability,P6-T1,P6,项目六：5G信令分析,P6-T1,任务1 5G关键信令流程及解析,JP-07,JP-03;JP-06,AU-10,AU-03;AU-09,original_textbook;professional_standard;digital_textbook_standard;ai_inference,textbook:P6-T1;task_inventory:P6-T1;reports:第九类普通任务增量验证对象选择说明V0.3.8.md;reports:P6-T1基于V0.3.8主数据补拆验证实施计划.md,internal_trial,看懂注册消息里几个关键字段,我能在Registration request、RRCSetupRequest、RRCSetupCo,在Registration request、RRCSetupRequest、RRCSetupComplete、Registration accept中标出身份、原因、PLMN、GUAMI、NSSAI、5G-GUTI等关键字段。,注册消息字段标注单,注册消息字段标注单,P6T1-C03;P6T1-W03,annotated_image;worksheet,field_annotation,trial_split,pending_professional_media_review,professional;media;editorial;student_text,high,annotate_required,signal_analysis;protocol_field;media,candidate,increment_candidate,extracted/textbook.md lines 9638-10065;reports/P6-T1基于V0.3.8主数据补拆验证实施计划.md,注册消息字段标注图需进入教学化重绘、标注或正文转译，当前不得写成专业复核或媒体审核通过。
N-V038-INC-P6T1-004,P6T1-N04,建立PDU会话建立流程与用户面开通路径,detail_capability,P6-T1,P6,项目六：5G信令分析,P6-T1,任务1 5G关键信令流程及解析,JP-07,JP-03;JP-06,AU-10,AU-03;AU-09,original_textbook;professional_standard;digital_textbook_standard;ai_inference,textbook:P6-T1;task_inventory:P6-T1;reports:第九类普通任务增量验证对象选择说明V0.3.8.md;reports:P6-T1基于V0.3.8主数据补拆验证实施计划.md,internal_trial,数据业务是怎么开起来的,我能梳理PDU session request、UPLINK NAS TRANSPORT、INITI,梳理PDU session request、UPLINK NAS TRANSPORT、INITIAL CONTEXT SETUP、RRCReconfiguration、UPF更新等步骤。,PDU会话流程卡,PDU会话流程卡,P6T1-C04;P6T1-W04,redrawn_image;process_card,process_completion,trial_split,pending_professional_media_review,professional;media;editorial;student_text,high,redraw_required,signal_flow;protocol_process;media,candidate,increment_candidate,extracted/textbook.md lines 9638-10065;reports/P6-T1基于V0.3.8主数据补拆验证实施计划.md,PDU会话流程重绘图需进入教学化重绘、标注或正文转译，当前不得写成专业复核或媒体审核通过。
N-V038-INC-P6T1-005,P6T1-N05,识读MIB/SIB1系统消息与驻留入口,detail_capability,P6-T1,P6,项目六：5G信令分析,P6-T1,任务1 5G关键信令流程及解析,JP-07,JP-03;JP-04;JP-06,AU-10,AU-03;AU-07;AU-09,original_textbook;professional_standard;digital_textbook_standard;ai_inference,textbook:P6-T1;task_inventory:P6-T1;reports:第九类普通任务增量验证对象选择说明V0.3.8.md;reports:P6-T1基于V0.3.8主数据补拆验证实施计划.md,internal_trial,手机为什么能选到这个小区,我能标出MIB、SIB1中与接入、驻留、SI调度、接入限制相关的信息。,标出MIB、SIB1中与接入、驻留、SI调度、接入限制相关的信息。,系统消息识读记录,系统消息识读记录,P6T1-C05;P6T1-W05,annotated_image;concept_card;worksheet,field_matching,trial_split,pending_professional_media_review,professional;media;editorial;student_text,high,annotate_required,system_information;protocol_field;media,candidate,increment_candidate,extracted/textbook.md lines 9638-10065;reports/P6-T1基于V0.3.8主数据补拆验证实施计划.md,MIB/SIB1系统消息字段卡需进入教学化重绘、标注或正文转译，当前不得写成专业复核或媒体审核通过。
N-V038-INC-P6T1-006,P6T1-N06,判断RRCReconfiguration在不同场景中的作用,detail_capability,P6-T1,P6,项目六：5G信令分析,P6-T1,任务1 5G关键信令流程及解析,JP-07,JP-03;JP-04;JP-06,AU-10,AU-03;AU-07;AU-09,original_textbook;professional_standard;digital_textbook_standard;ai_inference,textbook:P6-T1;task_inventory:P6-T1;reports:第九类普通任务增量验证对象选择说明V0.3.8.md;reports:P6-T1基于V0.3.8主数据补拆验证实施计划.md,internal_trial,这条重配消息到底在改什么,我能区分RRCReconfiguration用于承载配置、测量控制、切换命令、NAS透传等不同场景。,区分RRCReconfiguration用于承载配置、测量控制、切换命令、NAS透传等不同场景。,RRC重配场景判断表,RRC重配场景判断表,P6T1-C06;P6T1-W06,annotated_image;scenario_card,scenario_matching,trial_split,pending_professional_media_review,professional;media;editorial;student_text,high,annotate_required,rrc_reconfiguration;case_logic;media,candidate,increment_candidate,extracted/textbook.md lines 9638-10065;reports/P6-T1基于V0.3.8主数据补拆验证实施计划.md,RRC重配场景卡需进入教学化重绘、标注或正文转译，当前不得写成专业复核或媒体审核通过。
N-V038-INC-P6T1-007,P6T1-N07,使用信令分析界面定位证据入口,detail_capability,P6-T1,P6,项目六：5G信令分析,P6-T1,任务1 5G关键信令流程及解析,JP-07,JP-03;JP-04;JP-06,AU-10,AU-03;AU-09,original_textbook;professional_standard;digital_textbook_standard;ai_inference,textbook:P6-T1;task_inventory:P6-T1;reports:第九类普通任务增量验证对象选择说明V0.3.8.md;reports:P6-T1基于V0.3.8主数据补拆验证实施计划.md,internal_trial,先学会从工具里找到证据,我能在地图、关键信令、邻区、无线参数、吞吐率窗口中找到对应证据入口，并说明每个窗口能说明什么、不能说,在地图、关键信令、邻区、无线参数、吞吐率窗口中找到对应证据入口，并说明每个窗口能说明什么、不能说明什么。,信令工具证据定位单,信令工具证据定位单,P6T1-C07;P6T1-W07,redrawn_image;worksheet,evidence_location,trial_split,pending_professional_media_review,professional;media;editorial;student_text,high,redraw_required,tool_screenshot;data_source;platform_boundary,candidate,increment_candidate,extracted/textbook.md lines 9638-10065;reports/P6-T1基于V0.3.8主数据补拆验证实施计划.md,教学化工具界面图需进入教学化重绘、标注或正文转译，当前不得写成专业复核或媒体审核通过。
N-V038-INC-P6T1-008,P6T1-N08,分析5G重选到4G案例并连接复杂复盘,detail_capability,P6-T1,P6,项目六：5G信令分析,P6-T1,任务1 5G关键信令流程及解析,JP-07,JP-03;JP-04;JP-06,AU-10,AU-03;AU-07;AU-09,original_textbook;professional_standard;digital_textbook_standard;ai_inference,textbook:P6-T1;task_inventory:P6-T1;reports:第九类普通任务增量验证对象选择说明V0.3.8.md;reports:P6-T1基于V0.3.8主数据补拆验证实施计划.md,internal_trial,用一个小案例把流程和问题连起来,我能对照SIB3/SIB4/SIB5配置，判断为什么5G信号良好仍重选到4G，并说明后续如何进入P6,对照SIB3/SIB4/SIB5配置，判断为什么5G信号良好仍重选到4G，并说明后续如何进入P6-T2复盘。,重选问题证据链,重选问题证据链,P6T1-C08;P6T1-W08,simulation_case;redrawn_image;worksheet,evidence_chain,trial_split,pending_professional_media_review,professional;media;editorial;student_text,high,redraw_required,case_logic;system_information;conclusion;media,candidate,increment_candidate,extracted/textbook.md lines 9638-10065;reports/P6-T1基于V0.3.8主数据补拆验证实施计划.md,5G重选到4G案例链需进入教学化重绘、标注或正文转译，当前不得写成专业复核或媒体审核通过。
N-V039-INC-P5T1-001,P5T1-N01,明确全网性能指标采集任务与服务质量问题,detail_capability,P5-T1,P5,项目五：5G全网性能提升,P5-T1,任务1 5G全网性能指标采集,JP-07,JP-03;JP-06,AU-09,AU-09,original_textbook;professional_standard;digital_textbook_standard;ai_inference,textbook:P5-T1 lines 7361-8584;task_inventory:P5-T1;reports:第十类普通任务增量验证对象选择说明V0.3.9.md;reports:P5-T1基于V0.3.9主数据补拆验证实施计划.md,internal_trial,先弄清这次为什么要采全网指标,我能根据NSA/SA组网和服务质量问题，说明本次全网指标采集要回答什么问题。,阅读任务情境，判断本次采集要回答的服务质量问题，并填写采集任务单。,全网指标采集任务单,全网指标采集任务单,P5T1-C01;P5T1-W01;P5T1-ACT01,task_card;worksheet,case_intro;task_definition,trial_split,pending_professional_media_review,professional;media;editorial;student_text,medium,none,student_text;metric_context,candidate,increment_candidate,extracted/textbook.md lines 7361-8584;reports/P5-T1基于V0.3.9主数据补拆验证实施计划.md,本节点为P5-T1受控补拆候选节点，指标口径、公式、阈值、计数器和媒体均需专业复核或教学化改造。
N-V039-INC-P5T1-002,P5T1-N02,区分KPI/PI、指标口径与统计周期,detail_capability,P5-T1,P5,项目五：5G全网性能提升,P5-T1,任务1 5G全网性能指标采集,JP-07,JP-03;JP-06,AU-09,AU-03;AU-04;AU-07,original_textbook;professional_standard;digital_textbook_standard;ai_inference,textbook:P5-T1 lines 7361-8584;task_inventory:P5-T1;reports:第十类普通任务增量验证对象选择说明V0.3.9.md;reports:P5-T1基于V0.3.9主数据补拆验证实施计划.md,internal_trial,把指标名、公式、周期和数据源分开,我能区分KPI/PI、计算口径、统计周期、区域范围和数据源，避免只背指标名称。,把指标名称、公式、统计周期、区域范围和数据源分开记录。,指标口径说明表,指标口径说明表,P5T1-C02;P5T1-W02;P5T1-ACT02,concept_card;table;worksheet,metric_annotation;data_source_selection,trial_split,pending_professional_media_review,professional;media;editorial;student_text,high,media_review_required,metric_formula;counter_definition;student_text,candidate,increment_candidate,extracted/textbook.md lines 7361-8584;reports/P5-T1基于V0.3.9主数据补拆验证实施计划.md,本节点为P5-T1受控补拆候选节点，指标口径、公式、阈值、计数器和媒体均需专业复核或教学化改造。
N-V039-INC-P5T1-003,P5T1-N03,采集接入类指标并核对关键计数器,detail_capability,P5-T1,P5,项目五：5G全网性能提升,P5-T1,任务1 5G全网性能指标采集,JP-07,JP-03;JP-06,AU-09,AU-09,original_textbook;professional_standard;digital_textbook_standard;ai_inference,textbook:P5-T1 lines 7361-8584;task_inventory:P5-T1;reports:第十类普通任务增量验证对象选择说明V0.3.9.md;reports:P5-T1基于V0.3.9主数据补拆验证实施计划.md,internal_trial,提取接入类指标并说明来源,我能提取RRC、NG、QoS Flow、PDU Session和无线接通率等接入类指标，并记录关键计数器来源。,提取接入类指标，核对口径、时间窗和计数器来源。,接入类指标采集记录,接入类指标采集记录,P5T1-C03;P5T1-W03;P5T1-ACT03,metric_table;worksheet,metric_collection;counter_checking,trial_split,pending_professional_media_review,professional;media;editorial;student_text,high,media_review_required,access_metric;counter_definition;professional_review,candidate,increment_candidate,extracted/textbook.md lines 7361-8584;reports/P5-T1基于V0.3.9主数据补拆验证实施计划.md,本节点为P5-T1受控补拆候选节点，指标口径、公式、阈值、计数器和媒体均需专业复核或教学化改造。
N-V039-INC-P5T1-004,P5T1-N04,采集保持性与移动性指标,detail_capability,P5-T1,P5,项目五：5G全网性能提升,P5-T1,任务1 5G全网性能指标采集,JP-07,JP-03;JP-06,AU-09,AU-09,original_textbook;professional_standard;digital_textbook_standard;ai_inference,textbook:P5-T1 lines 7361-8584;task_inventory:P5-T1;reports:第十类普通任务增量验证对象选择说明V0.3.9.md;reports:P5-T1基于V0.3.9主数据补拆验证实施计划.md,internal_trial,提取掉线和切换相关指标,我能提取无线掉线率、异常释放率、切换成功率等保持性和移动性指标，并说明它们反映的问题。,提取保持性与移动性指标，记录指标口径、数据源和异常提示。,保持/移动性指标采集记录,保持/移动性指标采集记录,P5T1-C04;P5T1-W04;P5T1-ACT04,metric_table;worksheet,metric_collection;comparison_analysis,trial_split,pending_professional_media_review,professional;media;editorial;student_text,high,media_review_required,mobility_metric;retention_metric;professional_review,candidate,increment_candidate,extracted/textbook.md lines 7361-8584;reports/P5-T1基于V0.3.9主数据补拆验证实施计划.md,本节点为P5-T1受控补拆候选节点，指标口径、公式、阈值、计数器和媒体均需专业复核或教学化改造。
N-V039-INC-P5T1-005,P5T1-N05,采集资源类与可用类指标,detail_capability,P5-T1,P5,项目五：5G全网性能提升,P5-T1,任务1 5G全网性能指标采集,JP-07,JP-03;JP-06,AU-09,AU-09,original_textbook;professional_standard;digital_textbook_standard;ai_inference,textbook:P5-T1 lines 7361-8584;task_inventory:P5-T1;reports:第十类普通任务增量验证对象选择说明V0.3.9.md;reports:P5-T1基于V0.3.9主数据补拆验证实施计划.md,internal_trial,提取资源占用和小区可用性指标,我能提取流量、PRB利用率、连接用户数、小区可用率等指标，说明它们与容量和可用性的关系。,提取资源类与可用类指标，记录口径、单位和采集证据。,资源/可用类指标采集记录,资源/可用类指标采集记录,P5T1-C05;P5T1-W05;P5T1-ACT05,metric_table;worksheet,metric_collection;data_reading,trial_split,pending_professional_media_review,professional;media;editorial;student_text,high,media_review_required,resource_metric;availability_metric;professional_review,candidate,increment_candidate,extracted/textbook.md lines 7361-8584;reports/P5-T1基于V0.3.9主数据补拆验证实施计划.md,本节点为P5-T1受控补拆候选节点，指标口径、公式、阈值、计数器和媒体均需专业复核或教学化改造。
N-V039-INC-P5T1-006,P5T1-N06,采集覆盖、互操作与干扰类指标,detail_capability,P5-T1,P5,项目五：5G全网性能提升,P5-T1,任务1 5G全网性能指标采集,JP-07,JP-03;JP-06,AU-09,AU-09,original_textbook;professional_standard;digital_textbook_standard;ai_inference,textbook:P5-T1 lines 7361-8584;task_inventory:P5-T1;reports:第十类普通任务增量验证对象选择说明V0.3.9.md;reports:P5-T1基于V0.3.9主数据补拆验证实施计划.md,internal_trial,提取覆盖、互操作和干扰证据,我能提取MR覆盖、弱覆盖、越区覆盖、4/5G互操作和干扰相关指标，并判断哪些指标可能进入未闭环分析。,提取覆盖、互操作与干扰指标，标出可能导致未闭环的问题线索。,覆盖/互操作/干扰指标采集记录,覆盖/互操作/干扰指标采集记录,P5T1-C06;P5T1-W06;P5T1-ACT06,metric_table;map_or_chart;worksheet,metric_collection;evidence_classification,trial_split,pending_professional_media_review,professional;media;editorial;student_text,high,media_review_required,coverage_metric;interference_metric;interop_metric,candidate,increment_candidate,extracted/textbook.md lines 7361-8584;reports/P5-T1基于V0.3.9主数据补拆验证实施计划.md,本节点为P5-T1受控补拆候选节点，指标口径、公式、阈值、计数器和媒体均需专业复核或教学化改造。
N-V039-INC-P5T1-007,P5T1-N07,判断数据质量与采集证据可信度,detail_capability,P5-T1,P5,项目五：5G全网性能提升,P5-T1,任务1 5G全网性能指标采集,JP-07,JP-03;JP-06,AU-09,AU-03;AU-04;AU-07,original_textbook;professional_standard;digital_textbook_standard;ai_inference,textbook:P5-T1 lines 7361-8584;task_inventory:P5-T1;reports:第十类普通任务增量验证对象选择说明V0.3.9.md;reports:P5-T1基于V0.3.9主数据补拆验证实施计划.md,internal_trial,检查数据是否足够可信,我能检查数据源、统计时间窗、样本量、缺失项、异常跳变和截图或导出表证据，判断采集结果是否可用。,核对采集证据，填写数据质量检查单。,数据质量检查单,数据质量检查单,P5T1-C07;P5T1-W07;P5T1-ACT07,checklist;worksheet;rubric,evidence_checking;risk_checking,trial_split,pending_professional_media_review,professional;media;editorial;student_text;data_security,high,media_review_required,data_quality;source_reliability;data_security,candidate,increment_candidate,extracted/textbook.md lines 7361-8584;reports/P5-T1基于V0.3.9主数据补拆验证实施计划.md,本节点为P5-T1受控补拆候选节点，指标口径、公式、阈值、计数器和媒体均需专业复核或教学化改造。
N-V039-INC-P5T1-008,P5T1-N08,形成全网指标采集包并连接后续任务,detail_capability,P5-T1,P5,项目五：5G全网性能提升,P5-T1,任务1 5G全网性能指标采集,JP-07,JP-03;JP-06,AU-09,AU-03;AU-04;AU-07,original_textbook;professional_standard;digital_textbook_standard;ai_inference,textbook:P5-T1 lines 7361-8584;task_inventory:P5-T1;reports:第十类普通任务增量验证对象选择说明V0.3.9.md;reports:P5-T1基于V0.3.9主数据补拆验证实施计划.md,internal_trial,把采集结果交给后续提升和验证,我能把采集结果整理为全网性能指标采集包，说明哪些可进入提升实施、验证基线或二次补采。,汇总采集结果，形成采集包并标明后续任务入口。,全网性能指标采集包,全网性能指标采集包,P5T1-C08;P5T1-W08;P5T1-ACT08,report_template;worksheet;handoff_card,handoff_summary;report_output,trial_split,pending_professional_media_review,professional;media;editorial;student_text;data_security,medium,media_review_required,handoff_boundary;student_text;professional_review,candidate,increment_candidate,extracted/textbook.md lines 7361-8584;reports/P5-T1基于V0.3.9主数据补拆验证实施计划.md,本节点为P5-T1受控补拆候选节点，指标口径、公式、阈值、计数器和媒体均需专业复核或教学化改造。
N-V0310-INC-P5T2-001,P5T2-N01,明确性能提升任务、输入数据和提升目标,detail_capability,P5-T2,P5,项目五：5G全网性能提升,P5-T2,任务2 5G全网性能提升实施,JP-07,JP-04;JP-05;JP-06,AU-09,AU-09,original_textbook;professional_standard;digital_textbook_standard;ai_inference,textbook:P5-T2 lines 8585-9293;task_inventory:P5-T2;reports:P5-T2基于V0.3.10主数据补拆验证实施计划.md;reports:P5-T2基于V0.3.10主数据补拆验证报告.md,internal_trial,先弄清这次要提升什么,我能接收P5-T1形成的指标采集包，说明要提升的指标、区域范围、目标和问题背景。,阅读性能提升任务情境，核对采集包、提升指标、影响范围和目标要求。,性能提升任务单,性能提升任务单,P5T2-C01;P5T2-W01;P5T2-ACT01,task_card;worksheet,case_intro;task_definition;data_source_selection,trial_split,pending_professional_media_review,professional;editorial;student_text,medium,not_applicable,task_boundary;data_source;student_text,candidate,increment_candidate,extracted/textbook.md lines 8585-9293;reports/P5-T2基于V0.3.10主数据补拆验证实施计划.md;reports/P5-T2基于V0.3.10主数据补拆验证报告.md,本节点为P5-T2受控补拆候选节点，指标、参数、优化方案、工程授权、媒体重绘、案例脱敏和学生正文均需复核或教学化改造。
N-V0310-INC-P5T2-002,P5T2-N02,使用8维5步法定位性能短板,detail_capability,P5-T2,P5,项目五：5G全网性能提升,P5-T2,任务2 5G全网性能提升实施,JP-07,JP-04;JP-05;JP-06,AU-09,AU-03;AU-05,original_textbook;professional_standard;digital_textbook_standard;ai_inference,textbook:P5-T2 lines 8585-9293;task_inventory:P5-T2;reports:P5-T2基于V0.3.10主数据补拆验证实施计划.md;reports:P5-T2基于V0.3.10主数据补拆验证报告.md,internal_trial,用8维5步法找短板,我能按硬件告警、资源、覆盖、干扰、参数、邻区、版本和小区健康度梳理性能短板。,根据采集包和案例数据，把短板分别放入8个维度，并区分统计、分析、目标、方案和实施步骤。,8维短板分析表,8维短板分析表,P5T2-C02;P5T2-W02;P5T2-ACT02,method_card;flowchart;worksheet,classification;cause_analysis;table_completion,trial_split,pending_professional_media_review,professional;media;editorial;student_text,high,redraw_required,metric_context;cause_analysis;method_boundary,candidate,increment_candidate,extracted/textbook.md lines 8585-9293;reports/P5-T2基于V0.3.10主数据补拆验证实施计划.md;reports/P5-T2基于V0.3.10主数据补拆验证报告.md,本节点为P5-T2受控补拆候选节点，指标、参数、优化方案、工程授权、媒体重绘、案例脱敏和学生正文均需复核或教学化改造。
N-V0310-INC-P5T2-003,P5T2-N03,制定接入类指标提升方案,detail_capability,P5-T2,P5,项目五：5G全网性能提升,P5-T2,任务2 5G全网性能提升实施,JP-07,JP-04;JP-05;JP-06,AU-09,AU-05;AU-07,original_textbook;professional_standard;digital_textbook_standard;ai_inference,textbook:P5-T2 lines 8585-9293;task_inventory:P5-T2;reports:P5-T2基于V0.3.10主数据补拆验证实施计划.md;reports:P5-T2基于V0.3.10主数据补拆验证报告.md,internal_trial,把接入失败转成提升方案,我能根据接入失败分段统计结果，关联弱覆盖、干扰、资源和参数问题，提出接入类提升方案。,阅读接入失败记录，判断失败集中环节，填写接入类问题原因和提升措施。,接入类提升方案卡,接入类提升方案卡,P5T2-C03;P5T2-W03;P5T2-ACT03,metric_table;scheme_card;worksheet,metric_diagnosis;scheme_design,trial_split,pending_professional_media_review,professional;media;editorial;student_text;teaching_validation,high,redraw_required,access_metric;parameter_boundary;professional_review,candidate,increment_candidate,extracted/textbook.md lines 8585-9293;reports/P5-T2基于V0.3.10主数据补拆验证实施计划.md;reports/P5-T2基于V0.3.10主数据补拆验证报告.md,本节点为P5-T2受控补拆候选节点，指标、参数、优化方案、工程授权、媒体重绘、案例脱敏和学生正文均需复核或教学化改造。
N-V0310-INC-P5T2-004,P5T2-N04,制定保持类指标提升方案,detail_capability,P5-T2,P5,项目五：5G全网性能提升,P5-T2,任务2 5G全网性能提升实施,JP-07,JP-04;JP-05;JP-06,AU-09,AU-05;AU-07,original_textbook;professional_standard;digital_textbook_standard;ai_inference,textbook:P5-T2 lines 8585-9293;task_inventory:P5-T2;reports:P5-T2基于V0.3.10主数据补拆验证实施计划.md;reports:P5-T2基于V0.3.10主数据补拆验证报告.md,internal_trial,把掉线问题拆成可处理原因,我能分析掉线趋势、分Counter、TOPN小区和关联指标，形成保持类提升方案。,对掉线率案例进行分Counter和TOP小区分析，写出可能原因、验证证据和处理建议。,保持类提升方案卡,保持类提升方案卡,P5T2-C04;P5T2-W04;P5T2-ACT04,case_table;scheme_card;worksheet,case_analysis;cause_chain;scheme_design,trial_split,pending_professional_media_review,professional;media;editorial;student_text;data_security,high,redraw_required,retention_metric;counter_definition;case_logic,candidate,increment_candidate,extracted/textbook.md lines 8585-9293;reports/P5-T2基于V0.3.10主数据补拆验证实施计划.md;reports/P5-T2基于V0.3.10主数据补拆验证报告.md,本节点为P5-T2受控补拆候选节点，指标、参数、优化方案、工程授权、媒体重绘、案例脱敏和学生正文均需复核或教学化改造。
N-V0310-INC-P5T2-005,P5T2-N05,制定移动性指标提升方案,detail_capability,P5-T2,P5,项目五：5G全网性能提升,P5-T2,任务2 5G全网性能提升实施,JP-07,JP-04;JP-05;JP-06,AU-09,AU-05;AU-07,original_textbook;professional_standard;digital_textbook_standard;ai_inference,textbook:P5-T2 lines 8585-9293;task_inventory:P5-T2;reports:P5-T2基于V0.3.10主数据补拆验证实施计划.md;reports:P5-T2基于V0.3.10主数据补拆验证报告.md,internal_trial,判断切换问题该怎么优化,我能分析切换失败、邻区漏配、乒乓切换和移动性参数，提出移动性提升方案。,阅读移动性问题数据，区分邻区、覆盖、参数和容量因素，并填写移动性提升方案。,移动性提升方案卡,移动性提升方案卡,P5T2-C05;P5T2-W05;P5T2-ACT05,process_card;scheme_card;worksheet,path_analysis;scheme_design;boundary_judgement,trial_split,pending_professional_media_review,professional;media;editorial;student_text;teaching_validation,high,redraw_required,mobility_metric;neighbor_relation;parameter_boundary,candidate,increment_candidate,extracted/textbook.md lines 8585-9293;reports/P5-T2基于V0.3.10主数据补拆验证实施计划.md;reports/P5-T2基于V0.3.10主数据补拆验证报告.md,本节点为P5-T2受控补拆候选节点，指标、参数、优化方案、工程授权、媒体重绘、案例脱敏和学生正文均需复核或教学化改造。
N-V0310-INC-P5T2-006,P5T2-N06,制定资源类与可用类指标提升方案,detail_capability,P5-T2,P5,项目五：5G全网性能提升,P5-T2,任务2 5G全网性能提升实施,JP-07,JP-04;JP-05;JP-06,AU-09,AU-05;AU-07,original_textbook;professional_standard;digital_textbook_standard;ai_inference,textbook:P5-T2 lines 8585-9293;task_inventory:P5-T2;reports:P5-T2基于V0.3.10主数据补拆验证实施计划.md;reports:P5-T2基于V0.3.10主数据补拆验证报告.md,internal_trial,判断资源瓶颈和小区可用问题,我能根据PRB、连接用户数、PDCCH、CPU、小区可用率和告警信息，提出资源类与可用类提升方案。,核对资源占用、告警和可用率信息，判断扩容、分流、运维处理或持续观察的适用场景。,资源/可用类提升方案卡,资源/可用类提升方案卡,P5T2-C06;P5T2-W06;P5T2-ACT06,metric_table;scheme_card;worksheet,resource_judgement;availability_judgement;scheme_design,trial_split,pending_professional_media_review,professional;media;editorial;student_text;teaching_validation,high,redraw_required,resource_metric;availability_metric;operation_boundary,candidate,increment_candidate,extracted/textbook.md lines 8585-9293;reports/P5-T2基于V0.3.10主数据补拆验证实施计划.md;reports/P5-T2基于V0.3.10主数据补拆验证报告.md,本节点为P5-T2受控补拆候选节点，指标、参数、优化方案、工程授权、媒体重绘、案例脱敏和学生正文均需复核或教学化改造。
N-V0310-INC-P5T2-007,P5T2-N07,形成实施方案、授权边界和回退要求,detail_capability,P5-T2,P5,项目五：5G全网性能提升,P5-T2,任务2 5G全网性能提升实施,JP-07,JP-04;JP-05;JP-06,AU-09,AU-05;AU-08,original_textbook;professional_standard;digital_textbook_standard;ai_inference,textbook:P5-T2 lines 8585-9293;task_inventory:P5-T2;reports:P5-T2基于V0.3.10主数据补拆验证实施计划.md;reports:P5-T2基于V0.3.10主数据补拆验证报告.md,internal_trial,把优化措施写成可审查的实施方案,我能把不同类型提升措施汇总为实施方案，并标注责任部门、影响范围、授权条件和回退要求。,将接入、保持、移动性、资源和可用类措施汇总为实施清单，补充授权边界、影响范围和回退条件。,性能提升实施方案,性能提升实施方案,P5T2-C07;P5T2-W07;P5T2-ACT07,scheme_template;boundary_card;worksheet,scheme_synthesis;authorization_boundary;rollback_checking,trial_split,pending_professional_media_review,professional;editorial;student_text;teaching_validation,high,not_applicable,procedure;authorization;publication_boundary,candidate,increment_candidate,extracted/textbook.md lines 8585-9293;reports/P5-T2基于V0.3.10主数据补拆验证实施计划.md;reports/P5-T2基于V0.3.10主数据补拆验证报告.md,本节点为P5-T2受控补拆候选节点，指标、参数、优化方案、工程授权、媒体重绘、案例脱敏和学生正文均需复核或教学化改造。
N-V0310-INC-P5T2-008,P5T2-N08,在教学仿真环境执行参数调整并记录证据,detail_capability,P5-T2,P5,项目五：5G全网性能提升,P5-T2,任务2 5G全网性能提升实施,JP-07,JP-04;JP-05;JP-06,AU-09,AU-04;AU-09,original_textbook;professional_standard;digital_textbook_standard;ai_inference,textbook:P5-T2 lines 8585-9293;task_inventory:P5-T2;reports:P5-T2基于V0.3.10主数据补拆验证实施计划.md;reports:P5-T2基于V0.3.10主数据补拆验证报告.md,internal_trial,只在教学仿真里完成参数调整练习,我能在教学仿真或重绘界面中完成T300等示例参数调整，并记录调整前后证据和风险提示。,在教学仿真界面识别参数项，按任务要求完成示例调整，保存前后截图、参数值和操作记录。,教学仿真实施记录,教学仿真实施记录,P5T2-C08;P5T2-W08;P5T2-ACT08,simulation_screen;operation_card;worksheet,simulation_operation;evidence_recording;boundary_judgement,trial_split,pending_professional_media_review,professional;media;editorial;student_text;teaching_validation,high,redraw_required,parameter_adjustment;tool_screenshot;authorization,candidate,increment_candidate,extracted/textbook.md lines 8585-9293;reports/P5-T2基于V0.3.10主数据补拆验证实施计划.md;reports/P5-T2基于V0.3.10主数据补拆验证报告.md,本节点为P5-T2受控补拆候选节点，指标、参数、优化方案、工程授权、媒体重绘、案例脱敏和学生正文均需复核或教学化改造。
N-V0310-INC-P5T2-009,P5T2-N09,输出实施记录并交接P5-T3验证,detail_capability,P5-T2,P5,项目五：5G全网性能提升,P5-T2,任务2 5G全网性能提升实施,JP-07,JP-04;JP-05;JP-06,AU-09,AU-08;AU-09,original_textbook;professional_standard;digital_textbook_standard;ai_inference,textbook:P5-T2 lines 8585-9293;task_inventory:P5-T2;reports:P5-T2基于V0.3.10主数据补拆验证实施计划.md;reports:P5-T2基于V0.3.10主数据补拆验证报告.md,internal_trial,把实施记录交给下一步验证,我能汇总实施动作、证据、未闭环风险和复测要求，形成交接P5-T3验证的材料。,整理实施方案、仿真记录、未闭环风险和复测要求，填写性能提升实施交接单。,性能提升实施交接单,性能提升实施交接单,P5T2-C09;P5T2-W09;P5T2-ACT09,handoff_form;worksheet,handoff_writing;risk_summary;verification_request,trial_split,pending_professional_media_review,professional;editorial;student_text;teaching_validation,high,not_applicable,handoff_boundary;conclusion;professional_review,candidate,increment_candidate,extracted/textbook.md lines 8585-9293;reports/P5-T2基于V0.3.10主数据补拆验证实施计划.md;reports/P5-T2基于V0.3.10主数据补拆验证报告.md,本节点为P5-T2受控补拆候选节点，指标、参数、优化方案、工程授权、媒体重绘、案例脱敏和学生正文均需复核或教学化改造。
N-V0311-INC-P3T1-001,P3T1-N01,明确5G网管在网络优化中的作用,detail_capability,P3-T1,P3,项目三：5G网络信息管理,P3-T1,任务1：5G网管架构和功能,JP-03,JP-01;JP-04,AU-04,AU-01,original_textbook;professional_standard;digital_textbook_standard;ai_inference,textbook:P3-T1 lines 2399-2708;task_inventory:P3-T1;reports:P3-T1基于V0.3.11主数据补拆验证实施计划.md;reports:P3-T1基于V0.3.11主数据补拆验证报告.md,internal_trial,先弄清为什么要先认识5G网管,我能说明5G网管为什么是后续监控、参数检查、参数设置、测试、信令和全网性能任务的入口。,阅读任务导入和5G网管特性材料，提取网管支撑网络优化的作用。,网管作用说明卡,网管作用说明卡,P3T1-C01;P3T1-W01;P3T1-ACT01,task_card;worksheet,case_intro;task_definition,trial_split,pending_professional_media_review,professional;editorial;media;student_text,medium,not_applicable,task_boundary;student_text,candidate,increment_candidate,extracted/textbook.md lines 2399-2708;reports/P3-T1基于V0.3.11主数据补拆验证实施计划.md;reports/P3-T1基于V0.3.11主数据补拆验证报告.md,本节点用于建立P3项目入口认知，不能写成抽象概念背诵。
N-V0311-INC-P3T1-002,P3T1-N02,识别5G网管架构层次与部署组成,detail_capability,P3-T1,P3,项目三：5G网络信息管理,P3-T1,任务1：5G网管架构和功能,JP-03,JP-04,AU-04,AU-04,original_textbook;professional_standard;digital_textbook_standard;ai_inference,textbook:P3-T1 lines 2399-2708;task_inventory:P3-T1;reports:P3-T1基于V0.3.11主数据补拆验证实施计划.md;reports:P3-T1基于V0.3.11主数据补拆验证报告.md,internal_trial,看懂5G网管架构分成哪些层,我能在教学化架构图中区分基础设施、虚拟化平台、网管平台、功能应用和客户端。,对照重绘架构图，标注5G网管架构层次和部署组成。,网管架构层次标注图,网管架构层次标注图,P3T1-R01;P3T1-W02;P3T1-ACT02,diagram;worksheet,diagram_annotation;concept_mapping,trial_split,pending_professional_media_review,professional;editorial;media;student_text,high,media_redraw_required,architecture;cloud_service;media,candidate,increment_candidate,extracted/textbook.md lines 2399-2708;reports/P3-T1基于V0.3.11主数据补拆验证实施计划.md;reports/P3-T1基于V0.3.11主数据补拆验证报告.md,NFV、IaaS/PaaS/SaaS和TECS关系必须专业复核，原图需教学化重绘。
N-V0311-INC-P3T1-003,P3T1-N03,区分5G网管软硬件组成与部署边界,detail_capability,P3-T1,P3,项目三：5G网络信息管理,P3-T1,任务1：5G网管架构和功能,JP-03,JP-04,AU-04,AU-04,original_textbook;professional_standard;digital_textbook_standard;ai_inference,textbook:P3-T1 lines 2399-2708;task_inventory:P3-T1;reports:P3-T1基于V0.3.11主数据补拆验证实施计划.md;reports:P3-T1基于V0.3.11主数据补拆验证报告.md,internal_trial,分清哪些是硬件资源、平台和应用,我能把服务器资源、TECS平台、虚拟网管平台、APP功能和远程客户端对应到部署层。,阅读软硬件部署材料，完成组成对象与部署层对应。,软硬件组成对照表,软硬件组成对照表,P3T1-R02;P3T1-W03;P3T1-ACT03,comparison_table;worksheet,classification;diagram_annotation,trial_split,pending_professional_media_review,professional;editorial;media;student_text,high,media_redraw_required,architecture;platform_boundary;media,candidate,increment_candidate,extracted/textbook.md lines 2399-2708;reports/P3-T1基于V0.3.11主数据补拆验证实施计划.md;reports/P3-T1基于V0.3.11主数据补拆验证报告.md,软硬件组成不能写成厂家系统说明，需转译成学生可理解的部署层关系。
N-V0311-INC-P3T1-004,P3T1-N04,识别5G网管功能组件与管理对象,detail_capability,P3-T1,P3,项目三：5G网络信息管理,P3-T1,任务1：5G网管架构和功能,JP-03,JP-04,AU-04,AU-04,original_textbook;professional_standard;digital_textbook_standard;ai_inference,textbook:P3-T1 lines 2399-2708;task_inventory:P3-T1;reports:P3-T1基于V0.3.11主数据补拆验证实施计划.md;reports:P3-T1基于V0.3.11主数据补拆验证报告.md,internal_trial,弄清每类网管功能管什么,我能区分系统管理、自运维、智能运维、无线应用和公共应用的用途及管理对象。,对照功能组件材料，匹配功能组件、管理对象和典型任务。,功能组件用途表,功能组件用途表,P3T1-R03;P3T1-W04;P3T1-ACT04,function_table;worksheet,module_matching;classification,trial_split,pending_professional_media_review,professional;editorial;media;student_text,high,media_redraw_required,function_boundary;professional_term;media,candidate,increment_candidate,extracted/textbook.md lines 2399-2708;reports/P3-T1基于V0.3.11主数据补拆验证实施计划.md;reports/P3-T1基于V0.3.11主数据补拆验证报告.md,功能组件边界需专业复核，不能把组件名称直接当作学生已掌握内容。
N-V0311-INC-P3T1-005,P3T1-N05,定位仿真实训系统中的典型任务入口,detail_capability,P3-T1,P3,项目三：5G网络信息管理,P3-T1,任务1：5G网管架构和功能,JP-03,JP-02;JP-04;JP-07;JP-08,AU-04,AU-02;AU-09;AU-10,original_textbook;professional_standard;digital_textbook_standard;ai_inference,textbook:P3-T1 lines 2399-2708;task_inventory:P3-T1;reports:P3-T1基于V0.3.11主数据补拆验证实施计划.md;reports:P3-T1基于V0.3.11主数据补拆验证报告.md,internal_trial,知道从网管入口能进入哪些后续任务,我能在教学化界面图中定位任务说明、数据采集、网络测试、信令分析、端到端优化和全网性能提升入口。,在教学化仿真界面图中标注典型任务入口，并说明每个入口服务哪类学习任务。,网管功能入口定位单,网管功能入口定位单,P3T1-R04;P3T1-W05;P3T1-ACT05,interface_diagram;worksheet,interface_locator;task_routing,trial_split,pending_professional_media_review,professional;editorial;media;student_text,high,media_redraw_required,software_interface;media;task_boundary,candidate,increment_candidate,extracted/textbook.md lines 2399-2708;reports/P3-T1基于V0.3.11主数据补拆验证实施计划.md;reports/P3-T1基于V0.3.11主数据补拆验证报告.md,仿真截图不得裸用，入口定位只服务学习路径映射，不展开后续任务本身。
N-V0311-INC-P3T1-006,P3T1-N06,建立功能入口与后续学习任务的映射,detail_capability,P3-T1,P3,项目三：5G网络信息管理,P3-T1,任务1：5G网管架构和功能,JP-03,JP-02;JP-04;JP-05;JP-07;JP-08,AU-04,AU-02;AU-05;AU-06;AU-09;AU-10,original_textbook;professional_standard;digital_textbook_standard;ai_inference,textbook:P3-T1 lines 2399-2708;task_inventory:P3-T1;reports:P3-T1基于V0.3.11主数据补拆验证实施计划.md;reports:P3-T1基于V0.3.11主数据补拆验证报告.md,internal_trial,把网管入口和后面的任务连起来,我能把网管功能入口分别连接到运行监控、参数检查、参数设置、测试、信令和全网性能提升相关任务。,根据入口定位结果，完成入口到后续项目任务的映射表。,功能到任务映射表,功能到任务映射表,P3T1-R05;P3T1-W06;P3T1-ACT06,mapping_table;worksheet,task_routing;graph_navigation,trial_split,pending_professional_media_review,professional;editorial;media;student_text,medium,not_applicable,task_boundary;graph_mapping,candidate,increment_candidate,extracted/textbook.md lines 2399-2708;reports/P3-T1基于V0.3.11主数据补拆验证实施计划.md;reports/P3-T1基于V0.3.11主数据补拆验证报告.md,本节点是课程能力图谱暗线关键节点，必须保持映射边界，不替代后续任务能力节点。
N-V0311-INC-P3T1-007,P3T1-N07,判断账号权限、数据范围与学习边界,detail_capability,P3-T1,P3,项目三：5G网络信息管理,P3-T1,任务1：5G网管架构和功能,JP-03,JP-05,AU-04,AU-06,original_textbook;professional_standard;digital_textbook_standard;ai_inference,textbook:P3-T1 lines 2399-2708;task_inventory:P3-T1;reports:P3-T1基于V0.3.11主数据补拆验证实施计划.md;reports:P3-T1基于V0.3.11主数据补拆验证报告.md,internal_trial,分清能看、能练和不能碰的边界,我能说明学生账号、教学仿真数据、真实网管授权和参数配置权限之间的区别。,根据角色、账号和任务说明，判断哪些功能可查看、可教学模拟、不可写成真实授权操作。,网管使用边界说明单,网管使用边界说明单,P3T1-R06;P3T1-W07;P3T1-ACT07,boundary_card;worksheet,boundary_checking;risk_judgement,trial_split,pending_professional_media_review,professional;editorial;media;student_text,high,not_applicable,permission_boundary;data_security;student_text,candidate,increment_candidate,extracted/textbook.md lines 2399-2708;reports/P3-T1基于V0.3.11主数据补拆验证实施计划.md;reports/P3-T1基于V0.3.11主数据补拆验证报告.md,权限、数据范围和真实工程授权边界必须显性写入，避免学生误解为真实网管操作许可。
